acc_x_mean,acc_x_std,acc_y_mean,acc_y_std,acc_z_mean,acc_z_std,acc_sma,dom_freq,spectral_energy,activity,sample_id,window_idx
5.998683976103561,-3.568651758510657,3.9181413355499806,5.503680749692456,4.7128291595691705,3.455712018439247,1012.9096936850561,0.0,23085.937582972205,jumping,jumping_01,0
8.285084910163976,-6.682331862699503,1.5816044058613103,6.099799219672134,5.1310975628912185,1.4329183249305628,1114.2080437943787,0.0,30496.881307594187,jumping,jumping_01,1
6.400945540780973,-6.661639374238674,2.038757407106459,6.660278522612371,6.05712611863064,2.100048036620098,1000.9504430549729,0.0,27441.55318990561,jumping,jumping_01,2
6.345711232285307,-6.697786994579465,2.217096715591697,6.677014826417079,5.8466410672828815,2.3314701704836507,997.9540382862626,0.0,27309.72292750684,jumping,jumping_01,3
6.556249447957133,-6.514074412484963,2.201602270506849,6.626164505935411,5.564521067429972,2.306981201722933,987.0804965614344,0.0,26716.875081189817,jumping,jumping_01,4
6.601796204732223,-6.698211487646055,2.163735550762427,6.479684829086986,5.4330708336838995,2.248892183658695,993.1906740461508,0.0,26763.439804518643,jumping,jumping_01,5
6.473742420888609,-6.825923856686462,2.0351953484644794,6.187900336874049,5.458350564883949,1.890586235316548,980.0483809547643,0.0,25967.59824254748,jumping,jumping_01,6
6.494551198350059,-6.964583747389943,1.6041851479447249,6.113562998661463,5.555020157263528,1.4292567204740332,988.7205978287506,0.0,26063.918921701268,jumping,jumping_01,7
6.46681016006253,-7.122032689551513,1.32876281395103,6.749522814523629,6.016327664045102,1.178481911730061,1016.0737158761328,0.0,27995.575936441015,jumping,jumping_01,8
6.437998069205669,-6.934680988767532,1.3169754441037322,7.49583824232457,6.4696433069021975,1.3675748054125538,1030.4397478298354,0.0,29652.706477453954,jumping,jumping_01,9
6.643230946809806,-6.965872339753791,1.489591007581865,7.322744845930678,6.49549382200858,1.581239408762319,1034.484602124398,0.0,29935.376549161065,jumping,jumping_01,10
6.773558228888144,-6.982558627095488,1.4482287090610375,6.996660248501568,6.489031328329995,1.4487616989907728,1030.7709446367908,0.0,29531.7094928045,jumping,jumping_01,11
8.448502334004099,-6.8049262441468965,1.3462769513916826,6.935753886957685,5.597895866254491,1.4719749482775248,1139.5909045181568,0.0,33027.07716260647,jumping,jumping_01,12
5.249620216738696,-3.3271050882158857,4.068020569050045,6.754973869531218,4.8542641705554,3.1963241760914176,984.7145446008851,0.0,23118.321197810586,jumping,jumping_01,13
5.321799208720525,-2.972591193185912,4.644219498968486,6.850013154426031,4.486752135456451,3.0815001199318246,921.8522760758236,0.0,21976.232538211207,jumping,jumping_02,0
7.427590346998638,-5.918649815549754,3.3021194307942583,7.094993411655916,5.004991833401391,2.798456931815132,1030.194785459347,0.0,28968.041363795244,jumping,jumping_02,1
6.501253782498716,-6.581893719808019,2.7730442890615175,6.186629973333503,5.779400815454097,2.623540696971791,979.65086994617,0.0,26705.844516144538,jumping,jumping_02,2
6.605889945319205,-6.608850756979952,2.6420719930619905,6.239732258868462,5.843716029899919,2.518443890893497,1005.6241520747807,0.0,27413.334020930004,jumping,jumping_02,3
6.536381792841536,-6.795874623591175,2.486476582710189,6.287641919923883,6.086557139945419,2.1950450511975794,1025.8448471176844,0.0,28102.157940305256,jumping,jumping_02,4
6.587534422751027,-7.029215634951011,1.976279663467648,6.48838716977615,6.321237288487109,1.843545262099448,1022.4333974265546,0.0,28593.29167733497,jumping,jumping_02,5
6.6472295614881345,-7.027421001156773,1.6648818946848012,6.561606550327067,6.42814665964392,1.5643112618307453,1023.9216607232042,0.0,28723.097308951226,jumping,jumping_02,6
6.591705201212505,-7.223511594940316,1.4592471789531034,6.346123386028823,6.362331589722059,1.5420661077123343,1024.9448616566606,0.0,28519.266126609502,jumping,jumping_02,7
6.392433221442531,-7.497086483496006,1.2746463493265288,6.162083106978748,6.546707374888239,1.6007630148755396,1026.1661069482373,0.0,28663.11756265419,jumping,jumping_02,8
6.194671880867746,-7.382356376885766,1.211769805035808,6.504975460253796,6.867485434072364,1.5193830703959421,1026.9452976596758,0.0,29079.243067186177,jumping,jumping_02,9
6.3592222617431124,-7.4180251484115916,1.388025962418378,6.968964222579902,7.060504339515443,1.6133340965376115,1051.30886336201,0.0,30806.98968701284,jumping,jumping_02,10
6.32394474217988,-7.423612923634173,1.3094601122417835,6.649054487569035,6.835775181264914,1.535839223331767,1036.707172641165,0.0,29677.410879698346,jumping,jumping_02,11
6.096889448211049,-7.207402363805232,1.1119948429822206,6.383446592606097,6.550898927365461,1.2979446491091886,1000.3149283367578,0.0,27501.57634426047,jumping,jumping_02,12
6.575639793066063,-7.282033063090322,1.0214648701255258,6.676795201604602,7.129293588961471,1.5386386321427943,1044.8874139422246,0.0,30341.211114487676,jumping,jumping_02,13
8.19607017625763,-5.880882810036924,2.627849490278297,6.889437822626732,5.92523892826706,2.478847210918397,1145.7546736061877,0.0,32800.63670889161,jumping,jumping_02,14
5.945248857540351,-4.213129218065679,3.585674933712892,5.68232391783713,4.274581071040695,2.448189437619967,930.3343628082033,0.0,20870.89948553261,jumping,jumping_03,0
6.302333827121089,-6.4133417122442316,2.8562326252159447,5.789971297782852,5.360363605000859,2.814634878961378,975.1932325849175,0.0,25365.346982036615,jumping,jumping_03,1
6.301655562542793,-7.024942056097165,3.1439952323533067,5.925500963988378,6.2537577635176955,3.050440803475087,1018.1655398765795,0.0,28535.88070241955,jumping,jumping_03,2
6.447561845737227,-7.334484763518728,2.4631133138230354,6.357587361354869,6.42992640702212,2.6293206131086153,1045.616540395491,0.0,29864.336395718146,jumping,jumping_03,3
6.422284620074376,-7.219028071585027,1.3870410311101662,6.191252314467771,6.316604450852695,1.9479622951758178,1031.881741486479,0.0,28308.987009354383,jumping,jumping_03,4
6.31619527364018,-7.149882451640536,0.8567679715860221,6.20203210545087,6.392878379261408,1.0871985450793618,998.8201423479948,0.0,27131.407955109564,jumping,jumping_03,5
6.632363565491907,-7.277455845490248,0.8832914420977386,6.529861311457456,6.268292767717229,1.1786754705447535,1026.4930251341823,0.0,28567.174165912515,jumping,jumping_03,6
6.54430345857911,-6.9890164979780565,0.6903172472275493,6.4289159798059625,6.182186223556631,1.2524031696634677,1004.931830432082,0.0,27354.51729666039,jumping,jumping_03,7
6.451580063844419,-7.069884501743328,0.7784800772705689,6.428786860051086,6.5320982351522,1.270626794209303,1006.2153829738066,0.0,27831.547714231547,jumping,jumping_03,8
6.624842203400954,-7.140034672557235,0.6647620854165518,6.7479705950334825,6.581734463042069,1.010241183521159,1010.8417035458392,0.0,28654.57187715842,jumping,jumping_03,9
6.762816241820051,-6.903099949913796,0.5255901360921938,7.0986282700322025,6.371800904725657,0.872882341836647,996.1647671598167,0.0,28379.915568136843,jumping,jumping_03,10
6.643046713368308,-6.987076878698185,0.7556681916719735,7.080379271790108,6.3485078855995685,1.0118131074321044,1007.8308136555476,0.0,28572.732668762335,jumping,jumping_03,11
6.560884052821708,-6.989857944876257,0.8631699833303991,7.249962699816756,6.542471969926826,0.943955745213223,1014.7445684885528,0.0,29102.617806100134,jumping,jumping_03,12
6.794797537688429,-6.985626710484726,0.815886055316889,7.343867201889314,6.742078190160041,1.0131626249240013,1024.026465877075,0.0,30000.75014325835,jumping,jumping_03,13
8.725350716499367,-7.507355699334481,2.029087907587639,6.774642431813383,5.517634742995922,2.1089596400960238,1211.9961914494354,0.0,36360.01017513521,jumping,jumping_03,14
6.34612668418523,-3.6258000394310614,3.647968392188877,7.231101711685811,4.359532071007585,3.4567803069714396,1004.3620376713266,0.0,25034.924583304164,jumping,jumping_04,0
7.93737335800372,-6.037399702601963,2.027879431100581,7.331322516312614,5.140360347077897,2.4349478638786635,1081.8879266325496,0.0,30599.540949098908,jumping,jumping_04,1
6.949217688217007,-7.007935515219214,2.181927956377316,6.781275182627496,5.9388136478358255,1.8872088235971556,1056.3195795053741,0.0,29781.553467886053,jumping,jumping_04,2
6.576689674048637,-7.352298050479154,1.8168412267484448,6.847908409334031,6.303437273314269,1.4312955620127326,1042.685510778419,0.0,29720.86084070365,jumping,jumping_04,3
6.330883043611215,-7.234014990701895,1.759306228672615,7.002161858081031,6.38355952296778,1.20907695802785,1021.8932507657312,0.0,29036.149202570294,jumping,jumping_04,4
6.684445284156486,-7.405311765139828,1.7453345123659632,7.476248246983388,6.585226697874608,1.5515566595621917,1085.1182589147393,0.0,32112.797336639494,jumping,jumping_04,5
6.923115738413551,-7.622105370943594,1.228453098382387,7.469900400113993,6.857768509313271,1.5860580283495866,1105.099126568143,0.0,33410.58394079251,jumping,jumping_04,6
6.851013780242265,-7.579599570482969,1.0805875300759016,7.2869485826708855,7.005951246451758,1.1692048299470827,1084.994656064453,0.0,32592.31481374338,jumping,jumping_04,7
6.8727123058504525,-7.430943962713384,1.3499522866925808,7.060770796628868,6.66380291403108,1.3734764592499948,1076.1876468864236,0.0,31540.36227821993,jumping,jumping_04,8
6.887629667936702,-7.298263142807315,1.1744046065993983,7.083072043508216,6.405062696977136,1.5926573615314366,1061.3923058774496,0.0,30763.935335291702,jumping,jumping_04,9
6.7803212579415,-7.199903601498315,1.1237761630403875,6.822584009971743,6.431988888273925,1.6264703017119935,1045.7179212972817,0.0,29818.846907751427,jumping,jumping_04,10
6.656773701347787,-7.182410601187836,1.164750228927593,6.682051240942919,6.320332674258499,1.439633862280151,1040.5756648458482,0.0,29145.519750342024,jumping,jumping_04,11
6.596167592388211,-7.057631844899269,1.2108498313040896,7.364420659901831,6.503111276183901,0.9641973183309325,1058.629116571383,0.0,30351.691035239273,jumping,jumping_04,12
6.463234504214441,-6.780857487158342,1.1885983967551528,7.981637709789264,6.883103468802893,0.9473617255334379,1072.0844250289101,0.0,31523.199794326512,jumping,jumping_04,13
7.682915477590128,-6.519943167464902,0.49529314206706154,8.537340587325108,6.561974629754064,1.126460591515089,1126.7373212102843,0.0,34504.13026912763,jumping,jumping_04,14
5.352251827867344,-3.9534943675001464,2.688824179497632,7.408966635622739,5.420744824402876,3.3214881475322966,953.6126665752323,0.0,23719.96190746007,jumping,jumping_04,15
7.7891467589922625,-4.308701642384433,4.017756161472826,7.876049199689972,5.105311731534781,3.6837108062192687,1130.383676491357,0.0,32413.827782214623,jumping,jumping_05,0
8.019176462081948,-6.23998293957927,2.401224716444208,7.023461169925026,6.192525667570576,2.2155868951963487,1114.7545132419884,0.0,32508.51598496569,jumping,jumping_05,1
6.693508888133849,-6.342338036030832,2.4313087279748435,7.22514257444831,6.562396426828925,1.873892752545532,1030.7136034815771,0.0,29512.28939344142,jumping,jumping_05,2
6.499980302772137,-5.939580960401494,1.8964343122159593,7.458539654694937,6.359175501684437,1.6204582256413758,974.0385945133253,0.0,27385.2948152641,jumping,jumping_05,3
6.635333453841282,-5.929201487616419,1.3959144260546175,7.690095599026662,6.628956577837781,1.181376840027416,969.5758239455902,0.0,27870.85370926196,jumping,jumping_05,4
6.207471403885972,-6.350740074650432,1.1572409360646034,7.454492918718162,7.2073009905664485,0.9400874917187952,985.7105992639474,0.0,28485.75122000747,jumping,jumping_05,5
5.95737459503039,-6.744977273206895,1.1549568741154301,7.425052290682789,7.68203036805513,0.95040260191125,1013.891174939839,0.0,29922.629268059787,jumping,jumping_05,6
6.0795837637375705,-6.747294596189426,1.0257807054434611,7.644408191779304,7.877590077372129,0.9777313728205865,1022.1386871765177,0.0,30847.10012869278,jumping,jumping_05,7
6.277839077053347,-6.627985775207329,0.9794862377222138,7.441508733121213,7.741262156521941,0.9238847818919238,1021.8287244366192,0.0,30392.079771824487,jumping,jumping_05,8
6.399977228406704,-6.798525754748044,0.8698408842613601,7.117123198071253,7.696381168698057,1.065819474644557,1031.2793509435712,0.0,30439.781101928576,jumping,jumping_05,9
6.299312517498478,-6.785498160379704,0.6847793172028932,7.284072705105179,7.510687774514108,1.0329166668281813,1027.1968365549887,0.0,30133.972046645125,jumping,jumping_05,10
6.506083291437891,-6.71060008962046,0.7927191805922322,7.53192452616128,7.35235852239824,1.3331228187295947,1039.2569806150238,0.0,30764.088927735385,jumping,jumping_05,11
6.586313881045866,-6.799572601011305,1.0975427402352744,7.625478159195755,7.435645630866017,1.598835970542364,1061.8590454561877,0.0,31863.410784605112,jumping,jumping_05,12
6.492492208116208,-6.80101977665015,1.2089162518580754,7.895024582473076,7.943446893105692,1.628933980106197,1062.7641332913106,0.0,32985.90357971233,jumping,jumping_05,13
7.414848286809042,-6.693735521700647,0.8151307447691156,7.988546430398072,8.365995363960206,2.0561604764423134,1113.2272379396209,0.0,36127.59503071977,jumping,jumping_05,14
8.117699198916348,-4.950715278811527,3.3793816199206343,7.995251924109633,6.5498219205718184,3.8096195866136067,1183.543568707304,0.0,36242.47693547441,jumping,jumping_05,15
6.068148405864985,-3.4849498008537774,3.9689857997376508,4.587195875952823,5.289447843509898,3.8045458434808763,1074.177551663938,0.0,24348.14521144673,jumping,jumping_06,0
8.361475575752932,-7.277483058606529,0.6719752938458414,4.772439966998318,5.355396829703544,0.9757959984640082,1145.553573537222,0.0,30653.18687347633,jumping,jumping_06,1
6.647496974829472,-6.951092352077008,0.7739119556534922,6.4450122243345564,6.5286597774487864,0.9218794502191743,1001.0857670073856,0.0,27755.082302185645,jumping,jumping_06,2
6.721920659859674,-6.635467862239992,0.6464941501335213,7.028723977495267,6.514612047369414,0.8387910352865777,995.6709186273469,0.0,28049.267940261798,jumping,jumping_06,3
6.619187923054201,-6.519021710917128,0.7540019793868667,7.145677737942919,6.474447657510241,0.6289274052073138,990.4442586327957,0.0,27754.023417912944,jumping,jumping_06,4
6.308217672179595,-6.544505902791791,0.7573313849667708,7.176234319789819,6.487858531233034,0.815236757246835,980.7240008918026,0.0,27283.16990102577,jumping,jumping_06,5
6.207495542807561,-6.487248889048292,0.5927825336052914,7.436913757691352,6.3221887369057725,0.779943334113596,990.3189887295339,0.0,27415.000834907154,jumping,jumping_06,6
6.234583952849863,-6.455087783812273,0.5359363798992802,7.488815612403094,6.723753261679299,0.615705883946452,1013.7603338698581,0.0,28447.967090277798,jumping,jumping_06,7
6.152649447660554,-6.662612252012647,0.6259572630879855,7.711859948919746,6.918314150898524,0.7498653541082603,1044.4270758893094,0.0,29881.23105892987,jumping,jumping_06,8
6.448379116753737,-6.634056981615346,0.6032148754845063,7.883163705473019,6.7523170913209,0.8022039218039696,1035.5857892169033,0.0,30071.78961263877,jumping,jumping_06,9
6.691871474412355,-6.733294156379998,0.5842656594221339,7.484807125855938,6.611694468602766,0.9464402043377879,1019.8368328087863,0.0,29423.79530232516,jumping,jumping_06,10
6.3994017490985415,-7.034845715285176,0.9510457902732823,7.261380871972322,6.747487211650365,1.3579417762821657,1045.591961715395,0.0,29996.133971921332,jumping,jumping_06,11
6.246109999490507,-7.124579590679419,0.8829847857393701,7.32059344126354,6.900598042674852,1.2693465821405945,1051.7576093357197,0.0,30317.334135264315,jumping,jumping_06,12
6.417367528333808,-7.353997440952243,0.2625971752585787,7.275156028554874,6.957268025296038,0.8530621934449185,1071.7795665104197,0.0,31143.83215778979,jumping,jumping_06,13
6.449318684712805,-7.605257456012145,-0.11615160203567057,7.66726607356986,7.465468568299391,0.9362223588472377,1123.4186163067711,0.0,34016.54049511608,jumping,jumping_06,14
7.719526848859257,-6.792833797840609,-0.38792730858455404,7.291948622331313,7.9811039466456535,1.6675757184730302,1167.1757239045594,0.0,36088.35326496559,jumping,jumping_06,15
5.565891293413712,-3.797627085548205,4.338611954089367,5.836921613958587,6.152919476766528,5.29788958451397,1091.1561081025964,0.0,28284.03926361852,jumping,jumping_06,16
8.204768310893666,-4.408683551456591,2.3402575829414407,1.9143306902711197,2.3171235423890875,2.5129550025228555,1018.7218011387278,0.0,21133.09094787876,standing,standing_01,0
6.38199188251688,-7.317280355125967,0.4019262246561773,2.6046570166622045,1.1251230412728823,2.1694010528379444,1014.4681249409886,0.0,21007.140535686198,standing,standing_01,1
4.453666848365707,-8.237030636180531,-1.6992620927366344,1.2974958796404537,0.6969912978185846,2.891374155334642,990.7599601938294,0.0,19924.118975305963,standing,standing_01,2
3.526139892712988,-8.593159357706705,-3.5670882644075337,0.7357559222963188,0.6183002692869317,0.6172089163699491,990.1463327335907,0.0,19833.066799919146,standing,standing_01,3
3.465153133026277,-8.81901824835575,-2.903723509624751,0.5830883615146818,0.2608582791632733,0.41548934274652904,983.8227335824208,0.0,19557.504414924824,standing,standing_01,4
4.130147827996148,-8.535332756813126,-2.478060910196015,0.362710347605599,0.21224857733147515,0.2902652438707454,971.4978308820002,0.0,19068.26864195054,standing,standing_01,5
4.551636609164151,-8.281264545941594,-2.3724730785446937,0.16984321344637748,0.09391433735224078,0.026917335645046135,964.7480676452205,0.0,18802.814402158743,standing,standing_01,6
4.745500569391733,-8.175299095385002,-2.4022519371726294,0.06501854448300969,0.03993250007745348,0.02460086378774592,965.6045827223872,0.0,18836.223852900406,standing,standing_01,7
4.8153395315613405,-8.129912472734548,-2.412767369337756,0.034416334911231944,0.02014346557798569,0.04311834063361287,965.4784163802791,0.0,18831.321019237155,standing,standing_01,8
4.856126298808088,-8.114268514845106,-2.4039725438512938,0.028545574191857145,0.010506963846096715,0.044607991521759496,965.9731481588159,0.0,18850.62037879183,standing,standing_01,9
4.906043259784429,-8.096755933279942,-2.3967351552211875,0.03372606801787675,0.016903280150907248,0.02234111814003588,966.8246421384459,0.0,18883.84296750747,standing,standing_01,10
4.957129396573461,-8.060847003050524,-2.39046908629061,0.034013714749192944,0.024393701356017768,0.018633732322820402,966.2858617456956,0.0,18862.81360592967,standing,standing_01,11
5.01043617364132,-8.02292586817886,-2.3662916096774014,0.0360383369952597,0.024496539457967533,0.03360210149558774,965.308246080918,0.0,18824.66656476547,standing,standing_01,12
5.069303551105538,-7.995092656877306,-2.3589620903284865,0.039613172140428074,0.023550135774649514,0.024596157277545598,965.8796108250572,0.0,18846.959739963317,standing,standing_01,13
5.046624588243889,-8.007156511749884,-2.3646858292396624,0.07456726517522172,0.03863964250618258,0.022289931168315815,965.856548012899,0.0,18846.06306426073,standing,standing_01,14
5.02539885646165,-7.985640737745497,-2.4093050186080163,0.060815540578487745,0.05470238372772316,0.07383778248734052,964.1285558832454,0.0,18778.688575780994,standing,standing_01,15
5.195532476059114,-8.585560957590738,-2.6413287538470644,0.5505225757264096,1.5532787622217565,0.4706757147154842,1029.301146063372,0.0,21652.630168552987,standing,standing_01,16
5.503078174109411,-7.327094865567757,-1.245116754312708,1.0141498695012443,3.2975994597143474,2.86434241335783,992.5857121045993,0.0,20408.888566023255,standing,standing_01,17
5.35954054738536,-5.624376442095246,2.4770608878496923,2.3917606680206194,4.101552163793875,3.5942642045304103,961.1461990003153,0.0,19424.922250641946,standing,standing_02,0
3.2806187597188083,-9.432748529646132,-1.1963554316698903,2.295343671629754,2.9753095792321433,1.6348267829849712,1036.9845135670876,0.0,22540.32167440618,standing,standing_02,1
1.892565597187389,-9.92361256570527,-2.2108487793893525,0.40460007203531684,1.4745824559336003,0.5279865404279652,1026.1375782191585,0.0,21482.139046436674,standing,standing_02,2
2.150040262877339,-9.355509083680433,-2.2325443137775767,0.02575048860016748,0.05520860435977996,0.12295836911452206,975.766930163996,0.0,19235.36386969579,standing,standing_02,3
2.1493997742431334,-9.283579363967434,-2.13805501388781,0.013491615672670432,0.03561439334162174,0.0166075553270063,966.8420758021585,0.0,18884.65781917471,standing,standing_02,4
2.1548878568591494,-9.264473019224225,-2.1224291517276956,0.019921469441815824,0.021786013396092135,0.017417831621874744,964.8278935146515,0.0,18805.966573593614,standing,standing_02,5
2.192724357951771,-9.27070431757455,-2.0934947211332995,0.030789623767310703,0.011158923765928867,0.027455932711320814,965.6353982228084,0.0,18837.420234199595,standing,standing_02,6
2.2471323808034263,-9.26313462883535,-2.0697930942882192,0.03356888819968973,0.008374601534155592,0.015697501572002077,965.6467044215285,0.0,18837.859467416518,standing,standing_02,7
2.2848450126069966,-9.262820407597706,-2.0638488037417635,0.02580326459994054,0.00646569634369385,0.012291755362976666,966.3567071325049,0.0,18865.568893530814,standing,standing_02,8
2.2998938126997515,-9.261910977989736,-2.0493785660676282,0.021763580121848446,0.009078235519404097,0.01739923727511394,966.3194408519124,0.0,18864.111612780493,standing,standing_02,9
2.322403573026561,-9.252966572539975,-2.017941051059299,0.04170920992459256,0.02102329421922176,0.03155292389764184,965.369737194656,0.0,18827.05750237436,standing,standing_02,10
2.3708748408038205,-9.221979227933017,-2.0964812305238514,0.06500172345727089,0.035859465183394064,0.31893477329155184,965.7631321191035,0.0,18842.86815174382,standing,standing_02,11
3.1447188264191754,-9.871323966016673,-2.241037024392022,1.2956454055865447,1.448271907158612,0.5697529553814229,1056.8802040151838,0.0,22811.8262769333,standing,standing_02,12
3.9154479009936556,-6.428633774771835,1.3826919248459315,1.7575200565137878,4.46287703513665,4.569019443887337,969.5208386515498,0.0,19637.348942891284,standing,standing_02,13
5.821884031849678,-4.1130052736132505,3.524719906575752,3.2225435126451485,4.366368857778318,3.021627987619124,983.5906601826208,0.0,19851.86351943886,standing,standing_03,0
4.9565568849293875,-8.614010430345632,0.5450786502674373,2.7870554743047404,2.989722898798809,1.3550183340469715,1038.4163092538079,0.0,22535.17171291002,standing,standing_03,1
2.40210238249615,-9.45936117268572,-0.9002028408676687,1.1110043791218212,2.6826372820300133,1.034974587447457,983.3277887566702,0.0,20217.637926613897,standing,standing_03,2
2.070416986340224,-9.415260093380706,-1.6646839994372744,0.16431722251335146,0.08017610167787113,0.08441695895756837,968.7054123575588,0.0,18957.490782664692,standing,standing_03,3
2.234329869048764,-9.335109623995693,-1.7560312157929545,0.05749082267220048,0.02194165221177974,0.043154794786738816,966.0783180959168,0.0,18854.700458638148,standing,standing_03,4
2.275131724097512,-9.307293044196236,-1.787276879705564,0.027362881247634106,0.013490739194333794,0.024288069381621955,964.9205708322497,0.0,18809.54765829949,standing,standing_03,5
2.264087580671214,-9.297877321339618,-1.7995189452412153,0.01889959204699134,0.006014416324659496,0.01241715057256098,963.9944291823298,0.0,18773.44748396967,standing,standing_03,6
2.2764943079514937,-9.289585518114494,-1.8297494818465878,0.019554470515516884,0.013520066125829028,0.028394468542027804,964.059281059452,0.0,18775.97262332358,standing,standing_03,7
2.3072067294457947,-9.278473372411247,-1.888627417159803,0.01622312291874647,0.013527222640110637,0.04061483022670763,964.8417148895027,0.0,18806.473370890828,standing,standing_03,8
2.3139969628266615,-9.277961268569484,-1.9410565224560825,0.011327823229529691,0.008422534574047187,0.025283641247564097,965.9658031171208,0.0,18850.315763193445,standing,standing_03,9
2.2944616139537155,-9.283203144266148,-1.960238379661483,0.0152235367933756,0.004204533475114962,0.007482345879307695,966.3801517665546,0.0,18866.478569883166,standing,standing_03,10
2.29768981837263,-9.285298405271588,-1.9663171142038673,0.024909963087655338,0.007752748998476322,0.011967496528734006,966.7759990677026,0.0,18881.941812130193,standing,standing_03,11
2.3392515230660487,-9.272864476598874,-1.943932740375249,0.03844900554040747,0.017229756141219302,0.035210602229385025,966.1496237754471,0.0,18857.49860623573,standing,standing_03,12
2.3735879214123043,-9.254610129077026,-1.9800864205215916,0.03166759802707481,0.011226971315530982,0.20083972309031733,966.1590282857969,0.0,18858.071533740527,standing,standing_03,13
2.9531918029592497,-9.887564625402893,-1.75732883220689,0.9921369350462487,1.4984293440368668,1.032714189692034,1045.1386117811214,0.0,22306.47553435236,standing,standing_03,14
3.756109184688992,-5.7284506568402955,2.197815154119385,2.0258413593535924,5.294306502479407,4.0803438163036425,967.1492286129837,0.0,19401.21245799186,standing,standing_03,15
4.553478035661909,-3.2067509513310712,4.372233824296431,3.3958587504048574,4.437931377033441,3.830533291477198,949.3594560226053,0.0,18611.214523661038,standing,standing_04,0
4.678273396058516,-8.576840106887047,-0.07962781732732599,2.6872795555919704,2.0556763097908957,2.3481692434599215,1043.3529213352815,0.0,22124.928616116093,standing,standing_04,1
2.1777661918389675,-9.840019332038032,-1.95078641958911,0.7551604234840602,0.7305233263781054,0.6758275236390447,1020.697703980614,0.0,21109.987151249316,standing,standing_04,2
2.04643739714767,-9.422527698555378,-2.161182601042468,0.23327325232715157,0.20181487721778074,0.18156404774239848,978.7192051509686,0.0,19354.96605820532,standing,standing_04,3
2.2942984706223615,-9.305842842718567,-1.9803764567230686,0.07505285277861815,0.04993118392752512,0.051200196139835695,968.9537054892596,0.0,18967.268542718775,standing,standing_04,4
2.3865309074671583,-9.255981821002383,-1.947744035961652,0.03705868387227993,0.015614577369441046,0.014546139835147952,965.7662484610732,0.0,18842.519254268525,standing,standing_04,5
2.4144517050849066,-9.241192808054913,-1.9471186411501182,0.011326093566476333,0.007073077098899757,0.01415015698318977,965.038403736261,0.0,18814.12806192992,standing,standing_04,6
2.394262265677404,-9.246416554306492,-1.9441215727064345,0.02121044466062968,0.009452035547863627,0.00993851623121506,964.9779418335768,0.0,18811.769913699132,standing,standing_04,7
2.3670031253737633,-9.250419751562253,-1.965308018405028,0.013516076383699826,0.005997202399420132,0.02440025419465289,965.116452604656,0.0,18817.169187373413,standing,standing_04,8
2.3493137624528675,-9.25176268876201,-1.9967863270730684,0.014779972411697578,0.005621800842751904,0.014673361643566186,965.4503922255932,0.0,18830.194441834734,standing,standing_04,9
2.3522292508019342,-9.25005567916716,-2.0031143198109636,0.014969856412095455,0.009361802409564883,0.0059948247646853,965.4874630253539,0.0,18831.641988393916,standing,standing_04,10
2.3787451657381924,-9.234432798443418,-1.9931351572576195,0.017637804859120827,0.012718211957678822,0.016752561795842877,964.457236206655,0.0,18791.480320354083,standing,standing_04,11
2.382790608839555,-9.222486813863119,-1.9891546699735854,0.022079213607446233,0.006429227621327887,0.028178088177090808,963.3567389234289,0.0,18748.616427140565,standing,standing_04,12
2.330282950642133,-9.26922844395493,-2.054792642593384,0.06830867004168728,0.1485509754953587,0.23734880243260148,968.1008793671919,0.0,18936.612975320775,standing,standing_04,13
3.5564051541415127,-9.135695630853826,-1.7798733292429736,1.686503852412473,2.6670679176894274,1.1066009437734234,1024.4159519616387,0.0,21535.224012652216,standing,standing_04,14
3.780983041031192,-4.698166766091052,2.9411944641985674,1.8128481988152685,5.128548441814569,4.910222091345195,954.0868087578095,0.0,18967.50214204697,standing,standing_04,15
4.970178152575637,-4.005644028234964,3.859190870225759,2.588519727853112,4.336508775182897,3.705466608386617,957.3258426298474,0.0,18649.99079321131,standing,standing_05,0
4.460522025522559,-8.769471418977988,-0.7479912237172495,1.96927786401547,2.0971955713375263,1.5452753813820148,1023.5167247268122,0.0,21275.800174297143,standing,standing_05,1
2.683544539441966,-9.639558541654337,-1.9787751972073255,0.5545848122013637,0.8673276655301287,0.6718347766183465,1013.0264720075212,0.0,20815.073014565798,standing,standing_05,2
2.5818737564664898,-9.242843965087275,-2.0409145656258167,0.16527895378251212,0.07610070787071035,0.2488908056853744,971.7648125642733,0.0,19077.960660339337,standing,standing_05,3
2.71299863343287,-9.15553917547669,-1.9910066898423011,0.039383390649813596,0.030633606633870394,0.024015711787050323,965.6995552333866,0.0,18839.947728070252,standing,standing_05,4
2.7442805670728587,-9.130150178466181,-2.0054905197837134,0.008276107577739257,0.006016985475646653,0.01590099338452574,964.4908934652877,0.0,18792.784462997384,standing,standing_05,5
2.753812575581098,-9.133018859709152,-2.0120692770890516,0.017750745532802894,0.007219553717965806,0.009722212929080222,965.1578986187816,0.0,18818.78737685536,standing,standing_05,6
2.766045570373535,-9.128348013367315,-2.0004616710874767,0.016788848588292497,0.010028858825686887,0.014518809541883752,964.8315906911859,0.0,18806.068669462766,standing,standing_05,7
2.759838434180828,-9.126619820642953,-1.9838161432381831,0.01610856662889271,0.008806689778388705,0.00932599753779269,964.1594207488478,0.0,18779.870171790477,standing,standing_05,8
2.7776743281971323,-9.133311849651914,-1.9798220600744691,0.031532411788782466,0.00915090514681005,0.007981621622556539,965.204549773011,0.0,18820.61725266731,standing,standing_05,9
2.807808182456277,-9.129976407446042,-1.9652052949173282,0.023868964627946396,0.014568156956871458,0.026741277572187062,965.4586816735208,0.0,18830.531930832673,standing,standing_05,10
2.825949220946341,-9.11028248372704,-1.9377286217429421,0.024173053686167303,0.020477331816246534,0.027117853900743505,963.6086769107575,0.0,18758.445825668023,standing,standing_05,11
2.8760564953389793,-9.38435735606184,-2.0060977923749674,0.33507790462209497,0.9242918485737177,0.2558020070434942,992.3086057891143,0.0,19984.242650852895,standing,standing_05,12
4.340217728807469,-7.988119645552202,-0.5504655225409402,1.775086495239745,3.692452882538368,2.3133076796040406,990.390765195491,0.0,20310.96412974043,standing,standing_05,13
4.861197460179377,-3.836750621747489,3.8890392438630865,2.8692348046902265,3.9372018528729362,3.4041293993253285,926.4123646866583,0.0,17459.884934398448,standing,standing_06,0
3.579268403577082,-8.93014704097401,-0.6269708960646331,3.0406471228062304,3.0354526548847964,1.8684283755688724,1037.1955230083615,0.0,22241.715141257784,standing,standing_06,1
1.49965023377327,-10.116692494864415,-2.1142778456813156,0.6407909846302604,2.1607360359154524,0.32707082443281793,1036.310734827544,0.0,22158.9207095306,standing,standing_06,2
1.704544733269046,-9.387605146928268,-2.02806825589652,0.11630682690776972,0.02251331420461588,0.05014863543453203,965.7551327606943,0.0,18842.099253750534,standing,standing_06,3
1.5778973427685825,-9.403256695679945,-2.0913466323505747,0.03153067639364809,0.009109372656631747,0.039223341901034554,966.3905194975063,0.0,18866.887714452743,standing,standing_06,4
1.5679166786598437,-9.397783751439567,-2.1391653171693434,0.01862083499006999,0.006797722410809484,0.022214271066352494,966.7267680351731,0.0,18880.01457055469,standing,standing_06,5
1.5863900557912962,-9.398978657192654,-2.151458735417838,0.01229710520716143,0.00870059512841329,0.007676239220839581,967.3999185421533,0.0,18906.320480332797,standing,standing_06,6
1.614422629577945,-9.392522233905215,-2.141774141427242,0.02625908986902818,0.014303164905264117,0.012773765203640564,967.032741124595,0.0,18891.977773640323,standing,standing_06,7
1.6369278515228118,-9.380036932049375,-2.1292616767112653,0.011798572618095061,0.00459408503203641,0.013459213577294392,965.9411968076896,0.0,18849.34417641604,standing,standing_06,8
1.6345169062566276,-9.380484089706883,-2.1162975316095833,0.011777594486522752,0.004753667467101119,0.008930770865821051,965.6640076457312,0.0,18838.526654376947,standing,standing_06,9
1.644766466786163,-9.378780114530313,-2.120773505682897,0.014645167492148968,0.00655880245533068,0.012808732147710767,965.7694116933136,0.0,18842.6413771418,standing,standing_06,10
1.70093888104564,-9.374287528221053,-2.1263945367601185,0.05217972566908808,0.009887907147432097,0.013068970145159826,966.4291673307555,0.0,18868.40077774352,standing,standing_06,11
1.7503301230343906,-9.366278214888139,-2.106347088861947,0.03992556419658175,0.016306266521641667,0.047202376233425415,966.1073743348803,0.0,18855.843035986574,standing,standing_06,12
2.111474131092881,-9.987761035110012,-2.009745939813479,0.7274937657519345,1.0266207636835618,0.29421164721151405,1032.1424829901978,0.0,21643.091747358536,standing,standing_06,13
3.9834439501617895,-7.314938873955698,0.20403194058724125,1.846561397365577,3.9895717357730316,2.950991191612073,955.7932111160509,0.0,18874.859305998787,standing,standing_06,14
3.7007932831542663,-1.7108228647648687,5.8656089341249125,2.0506913316246487,3.3178423877928083,4.123166831359608,891.506055274725,0.0,16268.699843630042,standing,standing_06,15
0.04576877540334905,9.862217922403355,0.9425077624995299,0.008782457139136418,0.01016422036240677,0.006353108507932022,980.819092272706,0.0,19434.47715185036,still,still_01,0
0.03912808832646616,9.858251041836208,0.9365710248850813,0.00798166630396258,0.005268997579744393,0.005007715339173011,980.3694534059673,0.0,19416.654628560573,still,still_01,1
0.03601469998859391,9.855954873441446,0.9369214887570854,0.009373175087738522,0.006143021402707535,0.006546400772503277,980.1454735390437,0.0,19407.784647975575,still,still_01,2
0.030071919482916248,9.844407669221512,0.9475184901796206,0.0071740504721140375,0.00834078474659928,0.016627417978218685,979.1064939178873,0.0,19366.662639580743,still,still_01,3
0.033322774532316864,9.846895709182277,0.9675206144650778,0.009386879190792376,0.01231786571693986,0.018641088373243086,979.5447266342735,0.0,19384.014445775498,still,still_01,4
0.04680506126823444,9.855234319513494,0.9780481289131473,0.010484070537907161,0.010023196479189622,0.005156540983100654,980.4726460626737,0.0,19420.750075389766,still,still_01,5
0.05003929935922521,9.854781121918649,0.9690659816819008,0.006363875833307885,0.007508404324664737,0.008593054175860062,980.3420440838769,0.0,19415.572038539693,still,still_01,6
0.044987784905566076,9.856296298479792,0.9594055649006006,0.004754023574927787,0.005691761624357287,0.0063885210807651804,980.3955731425442,0.0,19417.6896213991,still,still_01,7
0.0441750712278816,9.861130271295105,0.9541939244125829,0.005577168070702186,0.0059670605858994155,0.007023032641416986,980.8217724150519,0.0,19434.576285866606,still,still_01,8
0.05208014755161719,9.85930996711808,0.9414896067946849,0.009510177202876521,0.006440495301663575,0.011457667808583434,980.5264962730746,0.0,19422.878217251524,still,still_01,9
0.05675249625787586,9.851480455109566,0.930634289076834,0.0050609833342204185,0.005207060810365313,0.0070949848632729995,979.6551094748523,0.0,19388.369219521792,still,still_01,10
0.059322061449891356,9.852888348126653,0.9447208245595297,0.007269006386026886,0.00694994036014433,0.017505337427352708,979.9288140551353,0.0,19399.2082712015,still,still_01,11
0.05996709648105829,9.855473027084813,0.9554114817368864,0.007008299353825341,0.005084982870512558,0.008369737468756104,980.2843314162137,0.0,19413.283277962008,still,still_01,12
0.05180823569646986,9.853270559599906,0.9460275070835845,0.008465407259600963,0.0030405418523860883,0.00549301052090507,979.973460803449,0.0,19400.97037513827,still,still_01,13
0.0438125220814136,9.85969219785748,0.9391481442884966,0.009725243118251091,0.00958389913280095,0.004219352557425993,980.5377349676459,0.0,19423.32675381312,still,still_01,14
0.03689841271349874,9.86566969360968,0.941385375128852,0.005376075102178007,0.008188440698121031,0.006311866895426283,981.1448360706031,0.0,19447.38385988899,still,still_01,15
0.030000920115847735,9.856539466164328,0.9412690581697406,0.006524677491163907,0.010932799938207486,0.006730045354782121,980.2416800098626,0.0,19411.60351397267,still,still_01,16
0.031614262685932246,9.850720578973943,0.948704329403964,0.011699699449983374,0.005287612523289259,0.012960598978481019,979.7400747454244,0.0,19391.73352997626,still,still_01,17
0.04391977621825651,9.854491156761092,0.9537044829792447,0.0130264926606722,0.005107004388625858,0.010036638246471797,980.1637477838681,0.0,19408.506833923977,still,still_01,18
0.04742441563443701,9.856001786511353,0.947764723589926,0.008271270550788844,0.005432503824272389,0.010720722297176749,980.2573239355305,0.0,19412.212884328947,still,still_01,19
0.04786249536155445,9.852341497787322,0.9468372018650325,0.006998200457137372,0.006703620144558716,0.0099908370695229,979.8878449829322,0.0,19397.583988901108,still,still_01,20
0.04753469069949301,9.86021636230777,0.9425138054472028,0.007644662761798429,0.008972487020589344,0.024022745867128967,980.6253909146466,0.0,19426.79781073509,still,still_02,0
0.046913825690445235,9.865662227977406,0.9612938370367493,0.00461479655138163,0.011703894940179035,0.012429934266165931,981.3379301720537,0.0,19455.04767607174,still,still_02,1
0.047814155392574505,9.873784797360198,0.9538540310329862,0.005875517021856763,0.007186271326810232,0.01212913289305507,982.0676437287581,0.0,19483.982788083547,still,still_02,2
0.044462088928228644,9.862086517642243,0.948470181286937,0.00770717811778729,0.012297851855561136,0.01662896481981821,980.8629745825842,0.0,19436.22098118486,still,still_02,3
0.04879303745022321,9.855586312033914,0.9554280987893692,0.009226943257112744,0.006096976046065906,0.016644921821688734,980.2907790424103,0.0,19413.54004096536,still,still_02,4
0.04808757758953351,9.866787573303839,0.9480638275242815,0.00923545243360017,0.009417227346392415,0.013641825198746856,981.3238373155544,0.0,19454.481566263876,still,still_02,5
0.038350118963856844,9.866699989395912,0.9351344253077651,0.006118132619232674,0.009878994020119474,0.006730779972761477,981.1883666750318,0.0,19449.11334062848,still,still_02,6
0.04232002911393083,9.862998943136196,0.9304862431805543,0.012495547568240435,0.0075628449839586255,0.005183288040935793,980.7824085338453,0.0,19433.018207304387,still,still_02,7
0.050419975467251965,9.863760283499053,0.9404971280483284,0.011027581573972474,0.007019277581818338,0.015076500817143276,980.955612284032,0.0,19439.881487792238,still,still_02,8
0.04767064665528857,9.861878048289906,0.9602016601899658,0.009072265326855357,0.0048702216855884065,0.011939357031656085,980.9552318761207,0.0,19439.864525097484,still,still_02,9
0.0489305040112348,9.860896110534668,0.9626594390531983,0.010270349022263793,0.004696591311722709,0.007177302556429852,980.8823555953909,0.0,19436.976116806545,still,still_02,10
0.052966881505768657,9.854728236342922,0.9485532671514184,0.0063249598712562475,0.006533154094144235,0.010034537162096556,980.1418002633275,0.0,19407.640327864476,still,still_02,11
0.049356498840180264,9.851374683958111,0.9423551914667843,0.006081365789861283,0.006009629210336982,0.005996174482622926,979.7505717177899,0.0,19392.14855026162,still,still_02,12
0.04469925643067164,9.849747773372766,0.9446211216425655,0.0071025952068975275,0.00742127718931498,0.005984980970243069,979.6095120521379,0.0,19386.56674766188,still,still_02,13
0.04928247856371327,9.844829174003216,0.9425727201230598,0.010148888751658569,0.009067562113103445,0.005754811654507987,979.1078631332682,0.0,19366.719070567513,still,still_02,14
0.04611923933179686,9.84870692937061,0.9377281599574618,0.013277212543251225,0.010195417033040726,0.00642541735695932,979.4433578306533,0.0,19379.995107039897,still,still_02,15
0.0363983974011257,9.856812958765511,0.9367251071062955,0.006138648861574986,0.004302786632072748,0.005782895208766615,980.2280523620165,0.0,19411.052983302525,still,still_02,16
0.04250885685435444,9.856302348050205,0.9312309803384723,0.00592723784126688,0.007379807185959641,0.012233871157029593,980.1293474341534,0.0,19407.14848344375,still,still_02,17
0.038165823302485684,9.854554561653522,0.9634645990651063,0.005760813029668596,0.01008597132011147,0.00942507039646035,980.2603611168039,0.0,19412.3422204875,still,still_03,0
0.037674871546150415,9.851906458536783,0.9566154461918455,0.005712322092282286,0.00935123199619645,0.009677112003799858,979.9335291614206,0.0,19399.398052799163,still,still_03,1
0.045543693081297,9.859281318356292,0.9560157295429346,0.008268003791099059,0.009298042142726786,0.010726820477956997,980.6580103272868,0.0,19428.09383753679,still,still_03,2
0.05067829163086529,9.862113721442945,0.9501530118662902,0.0067438025127154275,0.00871011312270474,0.010428150620615228,980.8836416625865,0.0,19437.033049656275,still,still_03,3
0.05405603864728798,9.860353816639293,0.9418400694625546,0.008239865581741503,0.007206265738315687,0.009470273155845347,980.6334370015277,0.0,19427.11532028705,still,still_03,4
0.0636394144684979,9.858047100028607,0.9348217242895954,0.00824633484675999,0.004822281647510149,0.009825056534619691,980.3459651634164,0.0,19415.72370387018,still,still_03,5
0.05998220275899373,9.85381737140694,0.9299786765166004,0.011473933881958933,0.0062606182591825885,0.008324726293328423,979.8818575437375,0.0,19397.34635875701,still,still_03,6
0.04938973264411239,9.844462105722139,0.9367568324310611,0.009308671649766242,0.006335954616790185,0.011271950781577975,979.0174408716081,0.0,19363.137597392524,still,still_03,7
0.04483219074329941,9.841806421376239,0.9449685631376324,0.009052757754647842,0.00495745516247634,0.007293414088188903,978.8305039247344,0.0,19355.742854584558,still,still_03,8
0.04209645732183646,9.847119244662197,0.9406919973065154,0.004957524604128072,0.006536730080954932,0.008553576143161318,979.3123341492579,0.0,19374.80504557641,still,still_03,9
0.04718573748914877,9.853447287973731,0.9408838465960339,0.006810960549121882,0.00762020719922794,0.00781904802501702,979.9400542820393,0.0,19399.653049524604,still,still_03,10
0.04630957763980731,9.849707044736304,0.944571270485117,0.009144098136218547,0.009165394910657097,0.005390538519467739,979.6058524356308,0.0,19386.42555896485,still,still_03,11
0.03913715229642507,9.841517930078988,0.9418823658817946,0.007085990458466865,0.004562037816289391,0.006663757195423832,978.7703076448882,0.0,19353.362155995794,still,still_03,12
0.04515546389074633,9.838677916863952,0.94617253000086,0.009186682644136843,0.003977026439456651,0.008510003948092804,978.5338525171272,0.0,19344.011743717954,still,still_03,13
0.055664849476982796,9.844850328233507,0.9500291443834401,0.007207246337158564,0.009725723951398972,0.005547338722666669,979.1836514182147,0.0,19369.71879292262,still,still_03,14
0.05268288465837633,9.850676815919202,0.9508494108614295,0.012500859193547638,0.007210763097247416,0.004544056317744212,979.7644586249039,0.0,19392.69973557831,still,still_03,15
0.04650142621437101,9.852178361680773,0.9515624226945819,0.011055097656718962,0.005854871647372496,0.0039283709097045665,979.9159333997072,0.0,19398.694981662244,still,still_03,16
0.04225356210813373,9.851193408773403,0.9494762565150405,0.007201791442852263,0.005755404424820885,0.0041227943273916805,979.7967936101102,0.0,19393.97844684312,still,still_03,17
0.043752097383593015,9.853735837069424,0.9840075289360201,0.004035074374373099,0.009618928345835722,0.0188165810983645,980.3831289215883,0.0,19417.205787674713,still,still_04,0
0.044315558829993856,9.858451958858605,0.9939670484475415,0.0037464714335488885,0.007540982574321041,0.010084053392771918,980.9452671319636,0.0,19439.472521904067,still,still_04,1
0.04214630795247622,9.847951638578165,0.9928960168000424,0.005064106943243843,0.009771955924057982,0.010456415615005122,979.8995651053701,0.0,19398.051869297815,still,still_04,2
0.04308893497694617,9.845501408432469,0.9976031063783048,0.005712385181356251,0.006884710085263463,0.006771940586203802,979.7051376573295,0.0,19390.351454894408,still,still_04,3
0.04946828483030044,9.85411798111116,0.9960970168161873,0.005154362398803658,0.007055277235473902,0.006828109676213323,980.5417441239211,0.0,19423.482135728922,still,still_04,4
0.054672371934760655,9.850348992781205,0.9863565401597456,0.005096379515325714,0.009301024482190392,0.010965765260974631,980.0769900239035,0.0,19405.078541675335,still,still_04,5
0.0504290392678795,9.8459092824146,0.970600770579444,0.009619978211341102,0.007479247630524572,0.01023942622502103,979.4834803251933,0.0,19381.579144945503,still,still_04,6
0.037893911607262416,9.848323272936272,0.9530352757434652,0.011223347392631389,0.0076611160291773514,0.01281721453162483,979.5471604818615,0.0,19384.1005721258,still,still_04,7
0.03752532013400331,9.852188909896697,0.9377795210992447,0.009706729021432924,0.007542741120862956,0.009984941105036144,979.783230089903,0.0,19393.443822609275,still,still_04,8
0.040889471581186866,9.849318754793417,0.9291342412582552,0.004604188498769744,0.00942571352157668,0.00879787184838964,979.4204244574413,0.0,19379.087815223786,still,still_04,9
0.04630202446321039,9.84347572711983,0.9294771534023862,0.009321827836126085,0.005215962648464294,0.006697037543247529,978.8502852717112,0.0,19356.525678922004,still,still_04,10
0.051910957942406286,9.845592055657898,0.9279695538559345,0.005556193796510644,0.0036953764067711426,0.008424984771798927,979.0474743092815,0.0,19364.32362722014,still,still_04,11
0.0523097617457611,9.846203813649188,0.9136186597323177,0.004086940341611989,0.0035024085558142044,0.010756928067920063,978.975841930476,0.0,19361.490084086527,still,still_04,12
0.05374485103770935,9.845986279574307,0.9097408983442519,0.005582831280751882,0.003596234791602357,0.007573173617982303,978.9195434079718,0.0,19359.26339838428,still,still_04,13
0.052219124454440435,9.853625509474012,0.9187457031673856,0.007171541929197105,0.008901692760305486,0.007221614090224175,979.7542006969267,0.0,19392.2973417784,still,still_04,14
0.04869937904254349,9.856873338872736,0.9270299432253597,0.008572132044887193,0.006289155297760232,0.008153994465469943,980.1492493350586,0.0,19407.934042244146,still,still_04,15
0.03762804244579084,9.843419768593527,0.9277067039952134,0.010678347504771481,0.010930147699198466,0.007246705522121936,978.8248305828366,0.0,19355.528250902258,still,still_04,16
0.04646517133170903,9.855639187976568,0.9363731344540914,0.0065923518272290585,0.008400342562215958,0.013408900119071674,980.1139581355834,0.0,19406.540630164716,still,still_05,0
0.0552569816660399,9.851990959861062,0.9466695243662054,0.011990244195004248,0.0081993360253611,0.010431975141411831,979.8560459967675,0.0,19396.327246389912,still,still_05,1
0.06683286557895965,9.85093203457919,0.9477330012754961,0.004174357321595537,0.006196145177151557,0.01119328390443931,979.7683072059548,0.0,19392.850639358534,still,still_05,2
0.06793863981059099,9.856352160675357,0.9486665647439282,0.003116138048276652,0.00530397531576581,0.008856872694108687,980.3117332368072,0.0,19414.368203933154,still,still_05,3
0.06404728182789048,9.850784003132521,0.9493342583829706,0.0054327070482515635,0.010632833552366364,0.006830371085523323,979.7667470927724,0.0,19392.796464601746,still,still_05,4
0.05631139505692198,9.84178522861365,0.9440289579256617,0.007507611465347335,0.006715421550718284,0.010905362873274621,978.8255357237217,0.0,19355.548546637125,still,still_05,5
0.05039278451691969,9.842591940754591,0.9492330424713366,0.006146527144304674,0.006707022594136453,0.013810323650081077,978.9514301891143,0.0,19360.528407850197,still,still_05,6
0.05112090364399578,9.84847127548372,0.9540896879302131,0.0064160637835123,0.008772868662087522,0.008809804362705075,979.5768886110864,0.0,19385.277943691377,still,still_05,7
0.05148043107203758,9.852522763338955,0.9474384266920765,0.007983375072408247,0.006869907474661275,0.009057355906329778,979.9131778732337,0.0,19398.58734253969,still,still_05,8
0.054238823853959894,9.852988098606918,0.9500986301537716,0.008744972903672434,0.00521669383391632,0.008892140674912372,979.9857939216422,0.0,19401.46031358247,still,still_05,9
0.05474337118894158,9.850608835316669,0.9570097194777595,0.00828989047987789,0.00501421526821916,0.006688717221681621,979.8173270429846,0.0,19394.790130787464,still,still_05,10
0.05571167889719054,9.847164568274913,0.951190811215025,0.008201476240568904,0.004074246738571549,0.011052939520609647,979.4232979047453,0.0,19379.193580387582,still,still_05,11
0.06251249180147138,9.851474357373787,0.946485227406627,0.005831362582267471,0.007565907143248585,0.006866349703024917,979.8067919952243,0.0,19394.3766715462,still,still_05,12
0.06203513558615334,9.856690503130055,0.9559870271971731,0.007514299935261414,0.006831700598434817,0.006924355341052434,980.4110082464015,0.0,19418.302512985614,still,still_05,13
0.055125557826925964,9.853918518682923,0.9580686646278458,0.007946700832332365,0.006202478494386275,0.006340299637214871,980.1537297331926,0.0,19408.111727240837,still,still_05,14
0.04913745892017775,9.852595223320854,0.9522074587417372,0.008060016012812313,0.004466394567941969,0.006413600243438978,979.964252352289,0.0,19400.60673180151,still,still_05,15
0.03718845195353328,9.863467197225551,0.9500835248918245,0.013394631323767647,0.009731347842723073,0.004832569414052994,981.0107219344397,0.0,19442.070777578145,still,still_05,16
0.03194962049636873,9.86611833476057,0.9534219942911707,0.011500538353947522,0.008981106429304055,0.00937818512806692,981.3020079135081,0.0,19453.616339076183,still,still_05,17
0.03993778083134777,9.860350753321793,0.9531863361898095,0.010146730797601306,0.008365189781743129,0.011971315499191438,980.7343724638625,0.0,19431.11688756658,still,still_05,18
0.06474972008304158,9.86509411744397,0.9547604045482597,0.007641043228027815,0.006149188312147304,0.007462621967517131,981.2290937658886,0.0,19450.72231912561,still,still_06,0
0.06371947731634578,9.872189502523403,0.9608028850170097,0.007897521052696121,0.0065696975155691666,0.008980941051902636,981.9855073061436,0.0,19480.722852038147,still,still_06,1
0.053821892825641975,9.871206100540931,0.9661036525109802,0.005886152433720959,0.008258306958580756,0.0075947667484168035,981.9335693278166,0.0,19478.66384959596,still,still_06,2
0.04343939886776482,9.850688915060024,0.9629358841915323,0.008426869601027395,0.016426942887402738,0.007418299223204277,979.8765467093897,0.0,19397.160566969647,still,still_06,3
0.04094838593719579,9.841910709034313,0.9608028886294124,0.005925087142865944,0.007861912971455002,0.006728592764575043,978.9898825472934,0.0,19362.050710327378,still,still_06,4
0.045058783933971815,9.854207087044765,0.9546078341175811,0.00553502512175181,0.007895135430551323,0.011506441131865539,980.1443970969943,0.0,19407.74306205744,still,still_06,5
0.04709510008494054,9.862920337253147,0.9501968212802001,0.008197611863632553,0.006356471613646838,0.009609363687305082,980.9618290552388,0.0,19440.12817507903,still,still_06,6
0.04618268554108306,9.854939778645834,0.9509929141612968,0.007450441497995662,0.012316197707995257,0.013153834335653562,980.1828433109164,0.0,19409.277488891643,still,still_06,7
0.04079279220766486,9.844752167210434,0.9401889593914302,0.004966105716526516,0.007700684024679844,0.014389983779870642,979.0744130393823,0.0,19365.394506695822,still,still_06,8
0.042060202533247444,9.855219243752837,0.9346555585813041,0.005492406235012068,0.012294687209628044,0.009019938369627322,980.0540103692338,0.0,19404.17437755305,still,still_06,9
0.04582013656394645,9.858028960950447,0.932604133480727,0.003899980776754001,0.008736559753471542,0.0070034776459648755,980.3131933409707,0.0,19414.431512890165,still,still_06,10
0.04979155754501166,9.849521155309196,0.9354863979599692,0.005929704295244547,0.00402071344315305,0.008575914149502716,979.5037703808212,0.0,19382.378021803484,still,still_06,11
0.049448646680273156,9.847783936394585,0.9398354755507575,0.007664494369029967,0.005603755501549018,0.006335680402989555,979.3731237804901,0.0,19377.209936266125,still,still_06,12
0.038501180877739696,9.848286927348436,0.9365468561047255,0.009472215059589364,0.00556688568927662,0.006098583615561011,979.3871442854313,0.0,19377.764639750978,still,still_06,13
0.04098464080104318,9.859013875325521,0.9360528841163173,0.010796791900942026,0.010214540532667188,0.005372476669560629,980.4408143528075,0.0,19419.488927479833,still,still_06,14
0.05505002700168673,9.870278599286321,0.939481992312152,0.006992147412681187,0.006117946136371316,0.006728015879462787,981.5896096629192,0.0,19465.01730991726,still,still_06,15
0.05468445692700564,9.866400824652779,0.9361238798709831,0.007588448912027229,0.009867857594335509,0.008311743473163323,981.1759151313364,0.0,19448.620156792556,still,still_06,16
0.05216474221511317,9.856276608476735,0.930939429336124,0.005979135824938467,0.00791924465251736,0.006052536956488779,980.1281501022501,0.0,19407.100992273765,still,still_06,17
0.05008612862891616,9.850570996602377,0.9309802163730968,0.006145761670397385,0.007056023820045521,0.010974894259152337,979.5654919280091,0.0,19384.825410807014,still,still_06,18
7.925295963130816,-2.0452243675186175,2.472411187259819,4.071863345348127,1.7720964202110818,2.9332321107637243,982.8017232322989,0.0,19798.139206658496,walking,walking_01,0
8.877946054092561,-3.6947523078533133,1.4116052303609035,0.7155756289523855,0.45636818158743775,1.2927880646587393,972.8622365640466,0.0,19148.669217589995,walking,walking_01,1
8.538914526351775,-4.040782543143841,2.2990765607718266,0.4261501246361963,0.287707768205139,0.5900637486966976,964.7640203192772,0.0,18820.498942950853,walking,walking_01,2
8.423741817474365,-4.093426152913257,2.2810050104603623,0.8655486614878806,0.26860790061359074,0.5869725963809652,956.8810485728973,0.0,18562.993961809258,walking,walking_01,3
8.719143650748514,-3.9809997611575656,2.2109318706724377,1.122343077507379,0.2062313366602188,0.4774618714509148,976.7328450641407,0.0,19366.931458576222,walking,walking_01,4
8.694154936857897,-3.968086974789398,1.9602459331955573,0.9221765162939995,0.11692611785456562,0.5217785510317794,968.6152172203613,0.0,19011.880075854184,walking,walking_01,5
8.45238464528864,-3.981155347342443,1.8601854582025548,0.9521367068593551,0.2693853499266923,0.3865447565767874,945.2422880638815,0.0,18121.317425012676,walking,walking_01,6
8.616259762735078,-4.048400611588449,2.0206360070392337,1.0506077067245558,0.36193428764073016,0.32520686535376925,965.8513267402326,0.0,18932.10380723484,walking,walking_01,7
8.712392609528822,-4.060561107866691,1.8597020609210235,0.7352738460154654,0.29865171260692436,0.40302008413835166,971.382751433228,0.0,19098.832113683708,walking,walking_01,8
8.568590626572117,-3.9945394535257357,1.74514114013826,0.6062429569307857,0.16752673016548159,0.3762560219084343,952.9927730168007,0.0,18376.70553025346,walking,walking_01,9
8.617466782078598,-3.894152696686562,1.855781999501315,0.921438138827514,0.10224880190920395,0.35502515313536104,955.713235335811,0.0,18517.730560791962,walking,walking_01,10
8.800050908868963,-3.8304755037481133,1.6350999998323845,0.8986863183882939,0.13017276161642627,0.3943584405571531,965.7466577298085,0.0,18901.776544414202,walking,walking_01,11
8.607528378265073,-3.757198321698892,1.5677776962819725,0.7865559566652601,0.10394219714027907,0.34861348153902993,943.9145234390429,0.0,18049.813036998785,walking,walking_01,12
8.98647956655483,-3.2726970646116467,2.035400807255446,1.256905725543838,0.7698030472828735,0.9477120348146828,977.9532222732914,0.0,19429.912466852275,walking,walking_01,13
6.136366454037753,-1.6983662979169325,5.438340529046878,3.789168374911604,1.333320094995281,3.46487823719969,974.6587231323219,0.0,19322.877613393804,walking,walking_01,14
4.172059989637798,-0.6978386148358836,7.138827783892853,4.716704231380183,2.4708202580737044,2.708045931972917,987.2992975655419,0.0,20195.605130651205,walking,walking_02,0
8.129114909605546,-3.78219153890104,2.368364199243411,3.5773500676833447,1.6349131777300372,2.9935282377923533,1017.4486560499221,0.0,21388.835798046155,walking,walking_02,1
8.170431922180484,-5.32737941693778,-0.19020825711748035,1.0834465742503199,1.0331275723456976,0.7599714699127831,977.491506568921,0.0,19352.57899697677,walking,walking_02,2
7.4505170523518265,-6.1917865974734525,-0.14783081890941088,0.8084624473765412,0.5646450376905007,0.6702136323989705,963.024195110637,0.0,18801.693114434438,walking,walking_02,3
7.643710261643535,-6.162263056244513,-0.19086083848819588,0.9772435553518456,0.5856387711859857,0.7903558831038963,977.4606022887929,0.0,19388.277989234728,walking,walking_02,4
7.863011586545694,-5.8370733212943025,-0.18957832140725744,0.8475150261438512,0.5989198910840385,0.5164457042139113,972.3290440268208,0.0,19180.159884721237,walking,walking_02,5
7.661023530093106,-5.754214277171125,-0.20222372130133362,0.800597256165649,0.5380184994742314,0.6340415217730457,952.7885058802706,0.0,18394.10488716188,walking,walking_02,6
7.569623455856785,-5.793556858794858,-0.18259321123060554,0.9667256967338713,0.5815195411814601,0.8915560000387903,950.3448076725981,0.0,18326.341681312933,walking,walking_02,7
7.704962937518804,-6.024790561560429,-0.23739701396588123,0.9629149889031174,0.6454377354815061,0.8196857017547434,974.1456047832478,0.0,19261.224279708713,walking,walking_02,8
7.787444292896926,-6.024906900193956,-0.6087437512146102,0.8174131678872585,0.5839811184036879,0.7258735248073631,980.8360867318225,0.0,19503.720557387554,walking,walking_02,9
7.821962004960185,-5.775038179725107,-0.5621728325130964,0.6948352027616757,0.4762758758530356,0.8002511679570168,968.0640097663218,0.0,18989.96247851386,walking,walking_02,10
7.638663335279985,-5.810241670319528,-0.3202832383338851,0.8327201171805031,0.5356951354520622,0.8876987971086654,956.565514475058,0.0,18546.498688124168,walking,walking_02,11
7.7586911712029965,-5.82964861995042,-0.15381287715651773,0.9773275697648681,0.5933073805532614,0.8636533391365921,966.6989020277509,0.0,18968.933587262207,walking,walking_02,12
7.8275633917914496,-5.7763962215847435,-0.21551265560015284,0.9456803254262424,0.44938571276121686,0.7831282332806622,967.7073130409993,0.0,19002.11516904193,walking,walking_02,13
8.626004787406536,-5.415646495241107,-0.7671368272241318,1.7972173140783045,0.667367302866695,0.8286579478334647,1022.2181910960365,0.0,21314.673272429416,walking,walking_02,14
6.344448378591826,-3.3310901080869666,2.8868347695755836,4.2010650134272955,1.878229930724216,4.275259472355417,970.6888928450533,0.0,19331.808122575538,walking,walking_02,15
7.716525241281047,-4.123239783927648,2.1584046004396495,3.4584180079932016,1.6559480451992374,3.045628796566317,999.4285264154114,0.0,20502.60958512773,walking,walking_03,0
8.6469147951916,-5.117064827620381,0.6636804789304733,0.8367285744868274,0.365212799001076,0.6799357166190421,1000.7100345667719,0.0,20281.64089915914,walking,walking_03,1
8.39905826491539,-4.921507474147912,0.5492147323910637,0.6382437449700145,0.3826755699035389,0.5189786820751077,968.0389600623041,0.0,18958.770469088056,walking,walking_03,2
8.14410780897044,-5.102177672915989,0.4719948403800678,0.9019237677693943,0.534246894256016,0.558716256442824,956.1840075207056,0.0,18540.478631587153,walking,walking_03,3
8.069215774536133,-5.505410574903392,0.2330841880592734,1.004216719621332,0.4530564858107904,0.6552688286660139,971.100569550961,0.0,19140.3964439509,walking,walking_03,4
8.208334850542473,-5.510342747274072,-0.0997855407421035,0.8489536896786877,0.38980848554609826,0.6218405364195656,982.0232386134321,0.0,19543.074981408023,walking,walking_03,5
8.26207063174007,-5.186902301480072,-0.04282759777223221,0.8858299240408524,0.39478923402794586,0.5943506181148257,968.2449526631243,0.0,19019.31987739259,walking,walking_03,6
8.077913948983857,-5.193508249340636,0.176984282455059,0.9162326632372746,0.4134405074568054,0.7366050721174339,954.8556108352226,0.0,18496.60655364789,walking,walking_03,7
8.166463485871903,-5.407839611323193,0.4510244122809834,1.0573344910090976,0.49383140927968106,0.941756790670997,976.8680321886678,0.0,19379.36353802756,walking,walking_03,8
8.135134735492745,-5.297044662514118,0.8251975194522829,1.1155481887977083,0.5950719589124345,0.9341463340425441,970.8210720346012,0.0,19161.803506881675,walking,walking_03,9
8.15412925469755,-5.139133467818752,0.835034677476594,0.8585595983523779,0.45734351509592386,0.6949601387643046,961.4074553816796,0.0,18744.01603492476,walking,walking_03,10
8.100136622033938,-5.025271959979125,0.7062361655813275,0.8889030442932999,0.3265504245188803,0.4469212285769552,948.1587795737116,0.0,18234.359484473043,walking,walking_03,11
8.092227097713586,-5.178013801574707,0.712876852865171,1.0622589918920478,0.4001660898556216,0.5157920548535424,956.5912944876222,0.0,18584.599777878804,walking,walking_03,12
8.162541996348988,-5.3742418867169,0.4856070423066014,1.102415166253726,0.5284056611968417,0.6537419295843621,972.3399335834299,0.0,19218.997154904228,walking,walking_03,13
8.509930234966856,-5.323666317294342,0.09565550179192514,1.3823947996323098,0.4889684962143751,0.7122533206118016,998.3063143647943,0.0,20305.88225613975,walking,walking_03,14
6.8161229586059395,-3.520162355568674,2.4841381353561323,4.457974307033573,1.984939629494464,3.5963769038811155,981.3740939886549,0.0,19803.27166964443,walking,walking_03,15
8.623068117734158,-3.991620916308779,0.8972873464979306,3.4136456578015473,0.8828152398492052,2.0477478506311946,1001.2915062564732,0.0,20791.492099464405,walking,walking_04,0
8.356304640721794,-4.847343541154958,0.7803683476616637,0.8642551190034679,0.3770815356935247,0.8756014011581877,965.2724903778817,0.0,18874.93911258984,walking,walking_04,1
8.39598714944088,-5.189530791658344,0.6874032591027442,0.8201063181994814,0.38959041785553516,0.5701634998393462,982.6530865256477,0.0,19559.10758367467,walking,walking_04,2
8.180158793324171,-5.180090909052377,0.6343623577344297,0.8079688374204718,0.3835798044187664,0.5408355639878296,962.6626004210997,0.0,18789.858377174227,walking,walking_04,3
8.033122558786411,-5.17844284423674,0.682064727701322,0.9492049525407851,0.45039517625080716,0.4390316575119298,951.0097057720232,0.0,18353.039123575498,walking,walking_04,4
8.264105464472916,-5.1588440760217535,0.35097753264085213,0.9293137416961995,0.43984823276609986,0.6182077086373731,968.7252382590982,0.0,19029.708459192185,walking,walking_04,5
8.419225061782683,-5.016258100066522,0.08972480260964596,0.7151383255874988,0.4707663686761789,0.5682371744720676,972.5795332246321,0.0,19168.540965302578,walking,walking_04,6
8.258087177469273,-5.02493057828961,0.10993992665199319,0.5949740832969543,0.4696060429208669,0.730140636624756,961.1680702006523,0.0,18693.72810822312,walking,walking_04,7
8.066839584196456,-5.1292223159712975,0.12547212658506451,0.9618283542076086,0.42126348074252984,0.818670090005745,951.7684403609941,0.0,18374.045609821787,walking,walking_04,8
8.141930994361338,-5.3840065532260475,0.12784984211126962,1.1662598332115608,0.5691989347081504,0.7915842633081137,972.4052985986984,0.0,19214.18217322129,walking,walking_04,9
8.339341890932333,-5.623675510136768,-0.06873020510932412,0.9181236077238847,0.5962921280489468,0.8409005769599677,1001.4252895107165,0.0,20334.756212762295,walking,walking_04,10
8.135539594322744,-5.405587258965078,0.04519775946332951,0.8270691616697795,0.5334480689371486,0.8839002805991606,971.7386109960578,0.0,19156.91069431013,walking,walking_04,11
7.804316453259401,-5.434045859057494,0.39367219561127703,1.0610927044577052,0.6653748537818444,0.7259699333538963,947.5547790582247,0.0,18245.257414845903,walking,walking_04,12
8.012143043556598,-5.611350396666864,0.4539595432955809,1.0714797330527996,0.6941548752257876,0.737783079058811,974.5519146799812,0.0,19301.567100604752,walking,walking_04,13
8.991108147784917,-5.045922163761023,0.5331281354331007,1.920483510596935,0.6111822154989641,1.1299871022569357,1034.122272650148,0.0,21882.572769997256,walking,walking_04,14
5.932541529638598,-2.939019158031001,3.9870966128026595,4.542994669807964,2.2275599432918023,3.637371225732885,962.3266888453963,0.0,19111.775368096765,walking,walking_04,15
6.779235134823153,-2.9782258105097394,2.719879524424823,3.953412797523245,2.0964271129714636,4.5333188323660565,993.4402239705156,0.0,20146.072983047274,walking,walking_05,0
8.713750670654605,-5.181565299178615,-0.3057797708821417,1.4439171179008132,0.7689107374180539,0.8927825017227973,1014.9931179714082,0.0,20934.270459864652,walking,walking_05,1
7.901320890946821,-5.738550667810922,0.3704071313029889,0.8512369462283598,0.41315249433395634,0.5230400950597468,970.4710464155129,0.0,19083.374372673214,walking,walking_05,2
7.984300753082892,-5.584083682358867,0.11031305170947253,0.7797138789659304,0.5105252662222095,0.722469044706618,968.6916607270267,0.0,19015.4543797324,walking,walking_05,3
8.05098407437103,-5.484825355838043,-0.013192246809150222,0.6677244195774115,0.5464615567122102,0.6287084014022355,966.8493006404673,0.0,18950.435372201442,walking,walking_05,4
7.892236025646479,-5.550514688395491,0.027796924114227295,0.636276781886827,0.4973073509140614,0.6028982775644328,958.2840696106924,0.0,18592.915763511446,walking,walking_05,5
7.730592101511329,-5.753857757105972,0.12673651660331572,0.9302621975022004,0.595018178053745,0.8309815053869821,959.5709186710768,0.0,18685.46325910208,walking,walking_05,6
7.7320151088213676,-6.001575330291131,0.18494676505074356,1.0691338699999922,0.6062539409520474,0.9678779864076277,975.9667302263057,0.0,19351.428083331633,walking,walking_05,7
7.815425530828611,-5.955357907998441,-0.023707671156811595,0.9401453158950797,0.6219838779111606,0.935109835855796,979.1099376538787,0.0,19453.90405104692,walking,walking_05,8
7.806544602519334,-5.8552007627005525,0.017808706913557317,0.8949278722438959,0.5960912510789674,0.7193956730705083,970.0769201528851,0.0,19098.542329613363,walking,walking_05,9
7.3790360171385485,-6.088590101762251,0.17533317419013592,0.8392176293684435,0.4864540690405453,0.7126534882255461,951.4502090794017,0.0,18351.033027785477,walking,walking_05,10
7.435211451366694,-6.214951977585301,0.15248806161260364,0.8443386053771186,0.43585541737126104,0.8337426490247667,964.0280209777018,0.0,18844.729151056636,walking,walking_05,11
7.588892927073469,-6.104703879115557,-0.03710989845973073,0.8965018512214127,0.4411389001765663,0.8588197549947155,968.9515042867496,0.0,19046.479792045306,walking,walking_05,12
7.830563497061681,-6.128018778983993,-0.22575617017167987,0.805533391331225,0.458072674105312,0.6378819842533928,987.6299218142007,0.0,19771.135055090504,walking,walking_05,13
7.731814215881656,-5.902174983361755,0.04060396401569097,0.7656000676355476,0.4267057522098617,0.5536773576647062,965.2982918017221,0.0,18885.684251296476,walking,walking_05,14
7.5737776310756955,-4.972974279312172,1.5722083421612176,2.9393324517284425,1.4079714450097898,2.699034256013531,986.2621475687506,0.0,19969.922392063516,walking,walking_05,15
7.333502947682082,-1.4276827701715509,3.998855274735075,4.035237916708689,1.3915565369946559,3.306422745442733,975.612291194211,0.0,19609.10647974398,walking,walking_06,0
9.653031768220844,-2.702205241930605,1.4432995626420686,1.6605258728463845,1.0839475946182981,0.2981523747093539,1012.0491803232346,0.0,20897.83436997609,walking,walking_06,1
9.109211387056293,-3.1586482476706457,1.2971107845354561,0.9388056109527888,0.4200203526261152,0.3749018389023378,965.0197982720482,0.0,18894.318500883608,walking,walking_06,2
8.853430121836036,-3.3670322822801992,0.9924760635453042,0.9588042654324151,0.38224738042854306,0.3958694988003493,945.3025290937824,0.0,18126.755733773116,walking,walking_06,3
8.61267355234936,-4.071627903466273,0.5993733701079783,0.8442180657555973,0.5498565646605291,0.47619695398398626,948.4142272375982,0.0,18229.007088855906,walking,walking_06,4
8.760051187842784,-4.4192231688836605,0.3228905693148122,0.8670102197363965,0.3669338300261461,0.4819617402682109,974.4812222910789,0.0,19243.561024732044,walking,walking_06,5
8.721098297774189,-4.336614907389939,0.39004973088852085,0.936866350837109,0.37518860186878705,0.45475344910794846,967.618560742303,0.0,18985.29684598462,walking,walking_06,6
8.677060710059273,-4.34247158031271,0.2597889371243931,0.9009592200616618,0.4300846521090309,0.2667852023850974,962.7263265823012,0.0,18795.131577586108,walking,walking_06,7
8.585142501676925,-4.187348994341764,0.07479836689067222,0.9699379057044044,0.337223835400878,0.17820197608008553,946.8829313413339,0.0,18197.034723211953,walking,walking_06,8
8.4302343985047,-4.266005491969561,0.03739087414137567,0.9904776483383171,0.37176575087894304,0.3486564513756917,937.5188469043808,0.0,17838.562589029152,walking,walking_06,9
8.58764256371392,-4.3394835741833,0.0629702080511535,1.0505746352257117,0.4224056828000489,0.6224092582266871,955.948958404364,0.0,18561.622513624854,walking,walking_06,10
8.774939922371296,-4.269529756873545,0.11987074612665714,0.963793327450514,0.41618843122082855,0.5513277438485308,968.9043156716523,0.0,19050.794159603334,walking,walking_06,11
8.85542123967951,-4.226558649178707,-0.13919157971395182,0.8144612092145964,0.43512333745127674,0.3655406554454767,973.4895678521425,0.0,19204.0407101146,walking,walking_06,12
8.79340568214956,-3.9912039872371787,-0.07896767772564835,0.9693046949497687,0.41258968968050946,0.6069665810117438,959.1397793402468,0.0,18670.99215208707,walking,walking_06,13
7.743319069195276,-3.1540786109187384,2.3555088011604366,3.882024927462199,0.9712551030005852,3.1878694412127113,978.5346465952697,0.0,19733.390651504425,walking,walking_06,14
7.240657146831955,-3.050276343569611,3.0668584161974266,4.6361597903544185,2.057371860519282,3.3411817660260548,1000.8429896167775,0.0,20812.651523195833,walking,walking_07,0
8.768149621558912,-5.064613041251596,0.6620490056735397,1.5829008920398495,1.1572641344047665,0.5322444694363698,1015.92416758627,0.0,21027.858526206663,walking,walking_07,1
7.7138121441157175,-5.504469438032671,1.1443795104219456,0.9487494725814895,0.5673158708468418,0.35251296453885445,947.777337421258,0.0,18226.735520399285,walking,walking_07,2
7.422928617458151,-5.840840782782044,1.1913341256705197,0.8255714314827448,0.6884544881560858,0.39399763678401034,945.0858874918582,0.0,18124.67141351664,walking,walking_07,3
7.585409443787854,-6.159191940770005,0.7596290436657992,0.8986777832269542,0.587541425479202,0.39236538554570066,972.0669018997758,0.0,19183.012487525593,walking,walking_07,4
7.702700027311691,-6.109481989735305,0.5639614085055361,0.9970813841593976,0.5819153014425197,0.32756767647871793,976.9863867242254,0.0,19384.515141580574,walking,walking_07,5
7.736137621330492,-6.016976144578722,0.2326702793138196,1.012395006535183,0.6068441559951023,0.4485635985407965,973.9524762329329,0.0,19253.937867658457,walking,walking_07,6
7.5549976223646995,-5.79280610518022,0.27577734113943697,0.9405023355391704,0.5261596632053224,0.5767621381985238,946.7145581894994,0.0,18181.335008158436,walking,walking_07,7
7.352467233484441,-5.988633859037149,0.5861856526497639,0.8919589626803347,0.5740749746347856,0.49821163068291324,943.7718176734087,0.0,18069.32265081399,walking,walking_07,8
7.540918639211943,-6.0967051621639365,0.44870409301736136,0.9795209283660886,0.6195463767933929,0.49362765456726515,964.1251441788672,0.0,18875.780443074647,walking,walking_07,9
7.697237636103774,-6.040975349118011,0.34096967258650546,0.8996970316344396,0.6429661879854772,0.5282457305788296,971.9435888005922,0.0,19180.64702013635,walking,walking_07,10
7.6091186109215325,-5.967133194509179,0.2236382805053239,0.8432747282582983,0.5565808087991294,0.4727138356702953,960.5198221399485,0.0,18704.302795885073,walking,walking_07,11
7.465130810785776,-5.783669861880216,0.2019835382622356,0.8648478307752886,0.4072153325778542,0.39368814267723967,937.6027511723776,0.0,17818.327791026986,walking,walking_07,12
7.46747981177436,-5.988378568129106,0.2841945179559366,0.8363474773125713,0.4958106968093757,0.41017905791610537,949.9786548965906,0.0,18304.72687478751,walking,walking_07,13
8.258677776413734,-5.368989474845655,0.8580293406901712,1.9335083919859335,1.0907389270741041,1.7650615799367995,1008.6015334239522,0.0,20750.828837585836,walking,walking_07,14
5.270708482674878,-2.586254555769641,5.01347705981967,4.218666331113922,2.2025084156000125,4.009562556651116,968.862319833245,0.0,19216.2565562896,walking,walking_07,15
