acc_x_mean,acc_y_mean,acc_z_mean,acc_x_std,acc_y_std,acc_z_std,acc_sma,corr_xy,corr_xz,corr_yz,dom_freq,spectral_energy,activity,sample_id,window_idx
0.035743991175408926,-0.18794801736412098,-0.22808817548258792,1.4401050713791392,0.7676178163612631,6.9826292749329735,1819.172179184569,-0.3327517268567377,0.7772445950541799,-0.06030197920488812,0.0,26454.946100130535,jumping,jumping_01,0
-0.026152771068421878,-0.14448113051166808,-0.08850889690416362,1.3917482482562866,0.8637544564618801,7.290074165379298,2022.3849272618422,-0.5074604998857303,0.8329695464447121,-0.33512615717188327,0.0,30370.524981538754,jumping,jumping_01,1
-0.041571819948417285,-0.18321031187810252,-0.279811181731132,1.2020011092025442,1.0515014825075673,6.364617830441436,1770.4023528150487,-0.7254825448433052,0.8169221317075394,-0.6767746243778642,0.0,23383.24439827028,jumping,jumping_01,2
0.05162766494196183,-0.09527414185427716,-0.4501584176188048,1.0246180285032014,0.6910679304871872,7.203640955275142,1915.8029263416347,-0.17896641469811214,0.7558186865136247,0.005752301525711131,0.0,28299.439483604707,jumping,jumping_02,0
0.10815009828962813,-0.16161422606965264,-0.20296507944287678,1.005363734747709,0.6067194106375392,6.668157935028121,1828.7623896523933,-0.41893111534207905,0.7083265927305323,-0.14816871220065664,0.0,24907.466772265157,jumping,jumping_02,1
0.0259860075127021,-0.24419215662817922,-0.13934098194978575,1.0687793112918225,0.6749545684518313,5.904927570808735,1631.6254360086616,-0.3802456362108282,0.7384694987931424,-0.10401354882909757,0.0,19824.1871812553,jumping,jumping_02,2
-0.08572069439033554,-0.16897124193710766,-0.39648464606126277,1.1940140847292173,0.9036597027465582,7.697927191544829,2009.5476036108782,-0.39454175843965184,0.7790807652704613,-0.2680675221735337,0.0,31935.906772706923,jumping,jumping_03,0
0.010836083289679605,-0.18604923588661162,-0.17008456391164126,1.1008501731076288,0.7784070312475725,7.59583518274129,2043.2928882005385,-0.6233597969033312,0.8275191559829391,-0.5684675730476381,0.0,31764.5122336146,jumping,jumping_03,1
-0.0706549244016384,-0.2526210024878583,-0.17327784034020743,1.078617088074811,0.807001236038736,6.888488281850903,1881.8851209034005,-0.5757026489029287,0.8079695716505007,-0.500303400947987,0.0,26594.90175051172,jumping,jumping_03,2
0.0908148092789588,-0.2194441650067212,-0.2737897000622829,1.4035339781477585,0.8472083012878253,7.692041007262229,2056.032652923037,-0.3685723875688816,0.74646788250643,-0.333071714243917,0.0,32657.454304100094,jumping,jumping_04,0
0.04902688346309461,-0.19475395205005774,-0.19885304052379713,1.171077618738438,0.8221988530317175,7.116822692654703,1935.2920005731844,-0.5695761013786491,0.6864907624646075,-0.7113517261399486,0.0,28295.691753670595,jumping,jumping_04,1
0.06526611657462163,-0.274898342429104,-0.2138674287336484,1.1615002740830758,0.8608189635612984,6.695509841835829,1824.0704768310688,-0.5639586892419858,0.665450845496538,-0.689009666142985,0.0,25184.774130838392,jumping,jumping_04,2
0.17023387394776476,-0.2379263658953818,-0.5771596305302825,1.4446757025178172,1.268356085933342,6.758389549041567,1874.0208673709603,-0.4733990165586857,0.8365381678192622,-0.34552457043468315,0.0,26622.60270219878,jumping,jumping_05,0
0.15795291690793598,-0.29465202897164167,-0.21464545286809827,1.2923213971305432,1.127944373302334,6.617080416468104,1845.6662221618894,-0.7107595584806198,0.8124763523649308,-0.5791382605068732,0.0,25403.164485097746,jumping,jumping_05,1
0.12618276764176248,-0.22969297665294205,-0.15307238384143193,1.1768823194903095,1.1703921377913207,6.024804828033098,1671.4038903082671,-0.76975576311648,0.7922921363947466,-0.6211104244114847,0.0,21039.750231047117,jumping,jumping_05,2
0.08013430467941016,-0.3101144316336265,-0.2818796026659991,1.4834216861235126,0.9107093583033425,7.5875958781119355,2005.9930817917177,-0.07447556967686547,0.7944438040546702,-0.09616124306482171,0.0,31616.874235534648,jumping,jumping_06,0
0.09218841487896694,-0.36593002354988713,-0.1509010046717004,1.3193427396096025,0.9240639484036643,7.545185082598099,2095.7424158618187,-0.39753064120046,0.7999532377234739,-0.3832021803300143,0.0,32526.198608184164,jumping,jumping_06,1
0.0836434561609775,-0.3770753525096048,-0.15696781032479445,1.3382022119977788,0.8918327532572409,7.110251259785981,1984.815754075844,-0.6649304403654048,0.8501033359382164,-0.5629469077445115,0.0,29107.83916764328,jumping,jumping_06,2
-0.1388864318367918,0.06444270208731565,0.12773512133511908,4.583054466607492,1.374122043081578,8.885553587536851,2666.64751407776,0.37623742649388686,0.7322481171471674,0.1177230320824622,0.0,54224.256248375175,jumping,jumping_07,0
-0.3085288505433613,0.1522679951861167,-0.13242582907905712,5.28773920898042,1.458389591114976,9.583181013260187,2929.45306854545,0.3936880063281341,0.6848353525761625,-0.014899040100897102,0.0,65171.621308735484,jumping,jumping_07,1
-0.4493663247486038,0.1681545810038236,-0.19589537545384583,5.272852199225811,1.5124348308918023,9.975010635006079,3004.5306470292107,0.42863980856771855,0.6371711442678711,0.09716236708987082,0.0,68990.84804614473,jumping,jumping_07,2
-0.3465723709379966,0.30907029949556036,-0.44113581815039943,4.584640118636156,2.2232002613248447,10.086041021764354,2929.5967804710394,0.752582605168934,0.7135457032401985,0.6898035538505113,0.0,66974.24320405032,jumping,jumping_08,0
-0.313030383073706,0.3087767548214872,-0.19570811660899826,5.070061558016246,2.0836702428584064,10.650243257425528,3166.708638146005,0.6678166037835009,0.6649724531883551,0.6200916987701215,0.0,76475.6832042059,jumping,jumping_08,1
-0.36044852732184446,0.14701688956957085,-0.08577896587769679,4.791161068071412,1.6072907665412774,10.214263434238003,3051.1818068318325,0.5462840471197579,0.6233823645831681,0.5104927154071178,0.0,69989.17134314674,jumping,jumping_08,2
-0.38835284814532567,0.0313106391147157,-0.2673472488668541,4.631763526572254,1.9815087240270748,8.773906512077385,2637.316500218168,0.7808547370429737,0.7299306770041027,0.4590687610367452,0.0,53910.506479374184,jumping,jumping_09,0
-0.3898314340238328,0.02387473381679731,-0.11683256020419945,4.556433388832468,2.2071504072900043,8.972424957880888,2739.014716987348,0.8354708405981669,0.6983914013023278,0.5945140061330303,0.0,56853.52177824966,jumping,jumping_09,1
-0.26502320993865947,0.003090303053505938,-0.1929223951257914,4.091005111493169,2.055671431449127,8.778438781225677,2644.1690645096887,0.7776658589217544,0.6318263864618686,0.5732392352759587,0.0,52704.70906803617,jumping,jumping_09,2
-0.38500181896807323,0.07750471943783505,-0.3460395243140274,4.657963723235638,2.5570695094782887,9.588773459919238,2827.913496685688,0.8675481144040083,0.6937334655197728,0.7213666695910873,0.0,62731.090583288154,jumping,jumping_10,0
-0.3168914080900809,0.14131292355023886,-0.06467470693790277,5.151580335187991,2.4438342841159884,10.206796916515017,3034.775820323176,0.8645780907367354,0.7103125964725099,0.7252578341438882,0.0,71676.27023759276,jumping,jumping_10,1
-0.3990435750127538,0.055639814733875706,-0.05475637671062398,5.114408597968615,2.269241369993299,9.380248317751034,2851.827460724142,0.7907860980855212,0.6573029717874213,0.6891466821404346,0.0,62891.05239708291,jumping,jumping_10,2
-0.39043837468176834,-0.013222460839927412,-0.2798669015744889,4.263111734650291,2.1350471171882806,8.69101829086169,2570.7527150817095,0.8967016317610268,0.6956438303523278,0.7202628438761756,0.0,51529.18972617621,jumping,jumping_11,0
-0.31346237221094436,0.03995792667675992,0.06251677765608228,4.762625067895739,2.544887293624971,9.285195157774595,2858.62216930636,0.8930092204898024,0.7097658625048896,0.7767406886153673,0.0,61834.203599650755,jumping,jumping_11,1
-0.34137913668163417,0.021863518180768794,0.13882731274365379,4.5832828955569225,2.4071548922644785,8.85434380662555,2682.230336089876,0.8042636040149931,0.6724988301228259,0.7501218371607847,0.0,55532.39573358564,jumping,jumping_11,2
-0.4090099895210199,0.03427769337400183,-0.34346183377906375,4.835732239085027,2.362093715995558,8.92257577698302,2739.7327155982684,0.8164917774899981,0.628893101724531,0.596080272796229,0.0,57629.389205035135,jumping,jumping_12,0
-0.2971571139929379,0.019133853057820626,0.05106587614815102,5.274708365785299,2.508256562875895,9.150260392387642,2861.88834035099,0.7782654691530545,0.6155513639369936,0.6283224776568164,0.0,62628.32678066972,jumping,jumping_12,1
-0.13856530080660173,0.0697414384225877,0.026063158272506777,4.729338557424099,2.5977237975771645,9.287171289701378,2826.6923668097047,0.6786417712749782,0.4762084435653402,0.6644655657914812,0.0,61199.21044649447,jumping,jumping_12,2
-0.02521929647578238,-0.07735422417569852,-0.13851355786972594,0.06911106969977668,0.06827041286550763,0.1288571260892721,61.73537434527927,0.030491796547964387,0.025989570899013766,-0.18041349378977325,0.0,28.23964160603235,standing,standing_01,0
-0.032182295797702744,-0.04790306142567273,-0.1400206298733117,0.0785299596727366,0.05660265674886609,0.12885883107158108,60.33392521431836,-0.29333475107109086,0.18302844462543613,-0.21205413318283262,0.0,26.79100426424113,standing,standing_01,1
-0.034503153200712566,-0.03391400257927494,-0.1360536151503256,0.07639586951421895,0.05263454111594474,0.1112374942331797,55.764830296313704,-0.26082064742244565,0.03898100898406888,-0.062499109158095346,0.0,22.9010963238914,standing,standing_01,2
-0.031404518319721374,-0.02731738876174108,-0.13402555368660674,0.06287102146713269,0.049368425235409664,0.09427797608318633,50.62425088124044,-0.01912668590076903,0.0520816656575679,-0.0005001659350235587,0.0,19.02198910400691,standing,standing_01,3
-0.02227175510919733,-0.018655639247930653,-0.12425688460088215,0.08497090676590399,0.0891973305898024,0.22233297661185256,74.66862915317378,-0.3375984466458187,0.03945464155626167,-0.1758039259572386,0.0,42.81484114836816,standing,standing_02,0
-0.02385871046338504,-0.022454259809984143,-0.1430052849472969,0.07110126497240983,0.0670684977408766,0.174334860136692,64.1848950527788,-0.31631663032387836,0.19463168068844575,-0.4649911861367178,0.0,32.14229180774033,standing,standing_02,1
-0.02856130577414327,-0.015257572608569865,-0.14173146856142166,0.06794428544047333,0.059777266630557206,0.13183995254830486,56.701928275201126,-0.13563218534213556,0.35802363763386885,-0.27293507867972194,0.0,24.707875797891163,standing,standing_02,2
-0.029477000995847897,-0.018936308687271523,-0.14270615881247406,0.07538087684149541,0.06045370197238423,0.12103860214036724,56.64188413536645,-0.09757091314267531,0.21615008581766115,-0.24834650730940638,0.0,24.34889343584177,standing,standing_02,3
-0.0036902710689794335,-0.10822183964750695,-0.19099001675704178,0.08846738536108524,0.2595106549757808,0.3165448098281596,96.38172537833506,0.23539478618629694,0.24717072890545413,0.5806465403595451,0.0,97.7981483814867,standing,standing_03,0
-0.0072775495771443665,-0.03907776052949685,-0.1486726483481042,0.07482123543234286,0.057330710258028536,0.15614062889360103,63.31653836925603,0.01946601794099894,0.1779966155285001,-0.5109113552748443,0.0,30.423606990295408,standing,standing_03,1
-0.014293146061722257,-0.029955955755884972,-0.14402224123082902,0.07149597275704946,0.055486916223087206,0.13653956270084355,59.77995947119942,-0.170718956013448,0.12612653052271497,-0.4177299524634425,0.0,26.497788928599544,standing,standing_03,2
-0.02050561290246577,-0.019628419137278547,-0.1432254574743893,0.06509284291253495,0.053115194656454985,0.13000166757016282,56.816122654718484,-0.17927276201618286,0.11966463200039372,-0.35977547838318363,0.0,24.32522872766291,standing,standing_03,3
-0.01834137745327847,-0.019039123304813603,-0.13216520096815668,0.09413956104484456,0.0734462106398789,0.1726203739864847,65.91304125838266,-0.40291967411182755,-0.020467949791715054,-0.05550639014932496,0.0,33.1202976167329,standing,standing_04,0
-0.020522913181214214,-0.01874931412158992,-0.13866667514406394,0.07115223084760075,0.057124798592215795,0.17611630928267902,63.37003433252238,-0.5034513970168006,0.3504272065909562,-0.37984966227077294,0.0,31.159979601918003,standing,standing_04,1
-0.0161764858880774,-0.01598324740146123,-0.1397242380455836,0.0764359288925648,0.061664923057086554,0.21516821065811695,69.33074859498815,-0.42626329534274154,0.18611625848261382,-0.43375577872798987,0.0,38.772746902141606,standing,standing_04,2
-0.017497882944217953,-0.014921048596518847,-0.13851812027883809,0.08370605291815558,0.06506944841475007,0.19552392204811653,66.99212679583151,-0.07642613435916307,-0.028318197804926885,-0.27994570218392145,0.0,35.677580394020886,standing,standing_04,3
-0.019473828789319254,-0.014938519800108874,-0.13579813200894417,0.0772596050872133,0.06677317515612392,0.21137836216538383,68.82720042991087,-0.2742563902563245,0.3912618816168767,-0.4222764424091607,0.0,37.993886612379775,standing,standing_05,0
-0.016446071110418264,-0.016815328777366117,-0.13697382521518323,0.074469715602484,0.06763992221515286,0.19255293606589677,66.26500906722485,-0.3591587650982067,0.28834882744296514,-0.5747447428532129,0.0,34.55538926713873,standing,standing_05,1
-0.016020348420519144,-0.017920832342550697,-0.13870993760983216,0.0687400276205682,0.05836061650224173,0.15906011066292539,59.12599927609892,-0.19314121043841312,0.11713393326343963,-0.48848585086835056,0.0,27.598256829930165,standing,standing_05,2
-0.0163913619211006,-0.014106816714560762,-0.1414843942970237,0.0609574420047365,0.05079473422685033,0.15029949409620935,56.58958943149574,-0.14639423403093366,0.14148968519786836,-0.3955636219831588,0.0,25.45866004404486,standing,standing_05,3
-0.008306549365383461,-0.0215785572046693,-0.13799095607068912,0.07479558302275467,0.07908972881116182,0.2118700920057819,70.48709564645057,-0.30711206731864854,0.4145134450165473,-0.4995100624742447,0.0,39.414313787587645,standing,standing_06,0
-0.01009978063103286,-0.018918834755994405,-0.1402676021406014,0.06951346869295949,0.0549767665732727,0.1652282537998109,62.18417001248051,-0.3732133093512175,0.38863741114572903,-0.4456379109622793,0.0,29.45231710758088,standing,standing_06,1
-0.016490703671958117,-0.01643198839910202,-0.1384137419303891,0.0574495728195314,0.04692366389037581,0.14555996058495888,56.104618567811485,-0.34930443920661597,0.14578691440739822,-0.35741367711163696,0.0,24.3863123433586,standing,standing_06,2
-0.018014175143292878,-0.018867283737956344,-0.13943878933068285,0.07725816271234946,0.054377303194900646,0.12493365518410945,55.69379334116593,-0.2580239994092202,0.055374400068943605,-0.23616245112129045,0.0,23.71649526699911,standing,standing_06,3
-0.030930474499780546,-0.00432055778618176,-0.13680672452959836,0.08580006231714785,0.037616511437285366,0.13647508458669527,57.466591559431,-0.0268728521214203,0.2466036380633355,-0.39378592748326013,0.0,25.115394034117653,standing,standing_07,0
-0.03039118734686915,-0.011463112229051291,-0.14249419705259714,0.07587215424951649,0.03192966601902121,0.11526866695045541,54.793197130153956,0.06785464789206165,0.2678677455941965,-0.4036207472835512,0.0,22.418708483298936,standing,standing_07,1
-0.03327820912156028,-0.013431747382380451,-0.13715813791278822,0.07672983134079867,0.03436254059557325,0.12168098612904912,54.50335526984644,-0.062137940140079444,0.34848210881896474,-0.2576209752291849,0.0,22.47651878021356,standing,standing_07,2
-0.029799508006258187,-0.011052311029572699,-0.14120931005750922,0.07328036659409919,0.03663173214437409,0.11476392334387957,54.10884028413827,-0.13023759045826172,0.27498292980401806,-0.08324461849003784,0.0,21.992917226497926,standing,standing_07,3
-0.025772716603008075,-0.014430712454829775,-0.1390933074716353,0.07502905442245508,0.035067602691331204,0.10447821300568874,52.74863646872602,-0.0907268177435516,0.15511516967669778,-0.300081177254345,0.0,20.659208694141466,standing,standing_08,0
-0.03051165377766442,-0.013792039908067431,-0.1415452100728282,0.07531817386811725,0.032112508868488474,0.10819808890624258,53.1548613371442,-0.1414442545638246,0.2770482291426761,-0.13738560652441417,0.0,21.272196665995192,standing,standing_08,1
-0.031028200479139303,-0.015711930496244354,-0.14600346052257604,0.08912705507574986,0.03545418190671359,0.11528411297327565,57.07926370040015,-0.27786114973263976,0.20565369582987517,-0.11114113443989676,0.0,24.34829371990218,standing,standing_08,2
-0.02840479709595541,-0.014143854904871092,-0.14810937127918,0.09058078646699445,0.03470377884746656,0.11779374311838046,58.21892473688461,-0.3311905286803392,0.11800290483520307,-0.11856469500606141,0.0,25.149825479381256,standing,standing_08,3
-0.02595120565802758,-0.018111774116637006,-0.13905176718781057,0.0843061270696313,0.04250137066841139,0.12958203426929246,57.21898470027595,-0.057723640656221736,0.2331885563715143,-0.28305468499811687,0.0,24.7070212048118,standing,standing_09,0
-0.028345318070714092,-0.016480092785288655,-0.14424473419213452,0.07650293206965145,0.037925229825680494,0.12281143148967304,56.34019047343615,-0.25779974538883793,0.08588125356238996,-0.18653582555578682,0.0,23.83968335893705,standing,standing_09,1
-0.028823010248758336,-0.015531522865810932,-0.1440100506149082,0.08711560288820949,0.038336639775144975,0.12191046096895258,57.23219274069046,-0.31249195117085743,0.03547117424241293,-0.10030290899879232,0.0,24.619547979711648,standing,standing_09,2
-0.02701317797299698,-0.018642836526767556,-0.143475978064157,0.09382523463625163,0.036109764470884896,0.11054573669347482,56.48129942035392,-0.3883336797402426,0.10575178643448593,-0.07715164041422957,0.0,23.814168860688774,standing,standing_09,3
-0.023569113702624527,-0.017027569129104213,-0.13512926831813465,0.07565685249688303,0.03550532466709326,0.13568279887002194,55.18012561522578,-0.1370550507849878,0.40400396092242813,-0.11925256939198106,0.0,23.47853547142945,standing,standing_10,0
-0.02614597796293712,-0.02439194546095874,-0.1436821985637281,0.08126903188721099,0.03167208750076496,0.12483158989681149,55.868562115236,-0.07245449316329224,0.3985304248870479,-0.03556911349275846,0.0,23.918024292258266,standing,standing_10,1
-0.0271058972673778,-0.02178334465329752,-0.14698619285331874,0.09261621313050009,0.038333205072004696,0.11384128466212728,57.264633777074515,-0.12347507400696958,0.18955794235169166,0.007325055210596207,0.0,24.658847386764275,standing,standing_10,2
-0.023733694373116183,-0.019861007360448955,-0.14686582645814886,0.10296868085384471,0.039000962637962676,0.12417403075809429,59.46277316335284,-0.10624184737814786,0.19338438777187297,-0.1082674942290599,0.0,26.785976980205753,standing,standing_10,3
-0.02802026113259711,-0.013760649072071337,-0.14195897507289507,0.07758901627297782,0.036627328893552365,0.11331134409483638,55.014077629411375,-0.1546779195956647,0.13827508050111964,-0.26505618460897523,0.0,22.47191878460452,standing,standing_11,0
-0.03085412476053522,-0.018004780130805864,-0.1446067788123784,0.08346266610395028,0.03531581692132342,0.09929716055697058,54.35943933072827,-0.11682662860538524,0.29005028756190643,-0.20903162374957585,0.0,21.913533970747363,standing,standing_11,1
-0.028389429368186204,-0.020274320729089346,-0.14561356676880943,0.09456999922993428,0.038488724995723644,0.11110871292860422,57.066224736527495,-0.10974193408383232,0.26765418322688256,-0.09262537845977503,0.0,24.394682722501905,standing,standing_11,2
-0.025936387635827455,-0.018646244112850967,-0.14708822330679464,0.09384427094062439,0.0396199189935749,0.1303833124386634,59.94124110110373,-0.16008552857298802,0.1365481639238105,-0.18038609694577246,0.0,26.966172266691164,standing,standing_11,3
-0.02389306877774979,-0.023596296912719215,-0.14072996091682632,0.08880903587024162,0.03871050396626398,0.13262154396451473,57.70272029491311,-0.1690365015027976,0.047700640125993815,-0.24137932883510585,0.0,25.449285662929302,standing,standing_12,0
-0.02596025152656705,-0.017226963423167475,-0.14792149456723422,0.08116877889561375,0.02838011089720341,0.10889881529994977,53.74672700116706,-0.03416254437915416,0.26136371681801973,0.0167744315052667,0.0,22.240695894016138,standing,standing_12,1
-0.025235753807275475,-0.019352185468813194,-0.14412489543585164,0.08971390603491097,0.027421266914067446,0.09932317226645392,53.50930453464126,-0.18236698790983377,0.11067682822944103,0.12497592817451912,0.0,21.661972626513172,standing,standing_12,2
-0.024309106155699922,-0.020668224244174714,-0.1451045050858951,0.09114661379695074,0.03134639360753109,0.10566564748610931,55.72102949633724,-0.2972951383263774,0.11955347838029255,-0.03745483252882729,0.0,23.092401968808872,standing,standing_12,3
0.011246341526186386,-0.018508067146909606,-0.14366410584590772,0.006663517050309662,0.005223759424762567,0.006243582880939759,43.37034023498855,-0.28999067190796984,0.14371876692514765,-0.13405356948199357,0.0,12.635319510050335,still,still_01,0
0.0054407261940150236,-0.014544024131739549,-0.14601605716544705,0.004963495789769131,0.005513408723967988,0.0054870826247319935,43.81433083924428,-0.14976540327541651,0.10101275316520848,-0.0417632964417964,0.0,12.89268116703801,still,still_01,1
0.0023086864019175087,-0.012278551219815288,-0.1453715492072021,0.004157662638585456,0.004811886762904792,0.0055443688929613585,43.521755267017966,-0.07053419833614893,-0.0036657263134368197,-0.003767582629777378,0.0,12.72145403490306,still,still_01,2
-0.0003757507268526903,-0.010868736952853859,-0.14397593258219274,0.003856529757382229,0.004628306341214783,0.005200744708877897,43.06437091721672,-0.05406177872394113,-0.10478027378543853,0.05831630429646081,0.0,12.454663721487229,still,still_01,3
0.010626906222488129,-0.007338171901702588,-0.14130710763099205,0.004296994364989344,0.004796132973789086,0.00601696374732053,42.328899231354335,-0.08576220336550448,-0.002727156386394959,-0.025466058367504426,0.0,12.035725120769541,still,still_02,0
0.007909563747775265,-0.005558384823405003,-0.1426994387722255,0.0043404989589285025,0.005203360874945235,0.005525376387036443,42.669825891969424,-0.0942553409743715,-0.047543878831376195,0.019369801365771877,0.0,12.228621924483345,still,still_02,1
0.005591976627049268,-0.0032862062758719024,-0.14117345611247034,0.004522035151710546,0.005270715946836405,0.005862471227242194,42.16460978510173,-0.1270162288748439,-0.10031418054762795,0.10117899410479235,0.0,11.942209918500017,still,still_02,2
0.003546711487612415,-0.0005565491827442327,-0.1399422313652282,0.004047398910263019,0.0052785232139498485,0.005830224382470792,41.76368590478394,-0.08377688988760987,-0.024542896794787154,-0.08366443104962148,0.0,11.716160584280125,still,still_02,3
0.008074672792709993,-0.00015697066869567884,-0.137611726899185,0.004540850243821726,0.004735027982513016,0.005773635708447197,41.125653174355435,0.10659135326781562,0.06633932827231812,0.11736670380376842,0.0,11.360980921280012,still,still_03,0
0.005157635058908867,-0.0010129768639012158,-0.13950178039096942,0.00421146538123223,0.005042236450141726,0.005314917193240548,41.64700015569062,0.14995159592455937,-0.0837300747235065,0.007268116022057925,0.0,11.649192362755363,still,still_03,1
0.002580057676987164,-0.0015881128129589803,-0.13822196971350065,0.0042953301753148355,0.005020085019463045,0.005453802881965076,41.24700938140779,0.11496469172543493,-0.13260018285310338,-0.04652103688511521,0.0,11.42710246130246,still,still_03,2
0.0013123710476149412,-0.0016042186099473196,-0.1372364971912147,0.004085092917464453,0.004962089163779127,0.00538656256084645,40.946063497172034,0.06670457637876874,-0.0341755247837576,0.057723042320762336,0.0,11.260830931624477,still,still_03,3
0.012915644466400646,-0.0031722174583040173,-0.13447976250158455,0.00508181580503019,0.0047833726112479725,0.0062265725170024665,40.324866646498904,-0.05627478315678631,0.12558086142709576,0.0818858655668983,0.0,10.924703319652819,still,still_04,0
0.008037150483913427,-0.0031775993381736047,-0.13722645636049888,0.005148613535105849,0.004734571421259378,0.0056663044435556415,41.02792858677691,-0.08641672955842727,0.07515420557727225,0.04494332181960071,0.0,11.306660709505481,still,still_04,1
0.004522363600817993,-0.002411913359932735,-0.13628342051970074,0.004461684811751019,0.004701805030837531,0.0056077994216341956,40.6870842804051,-0.06400407178245238,-0.06533488678676351,0.011771487342279415,0.0,11.119688028667085,still,still_04,2
0.0018176541790015952,-0.0012764458149337086,-0.13527259583156176,0.004289835724844005,0.004666377062163819,0.0053067395724875266,40.36088067304052,-0.12326704103409121,0.06397954918867046,-0.011348178323124417,0.0,10.941263696831243,still,still_04,3
-0.003886163258004348,-0.0005386985854633191,-0.13462428455806813,0.004046478407046343,0.004464535720213094,0.006047631980908849,40.17556578032006,0.0027935683027644747,-0.14068604205362828,0.07622305295540098,0.0,10.843523107184827,still,still_05,0
-0.0030199699790179153,-0.0026574863543933768,-0.13784169703311966,0.003921387479133222,0.0047584571964317075,0.005619631195489166,41.13552263496162,0.04117067068021137,-0.10288641180062214,0.009803551638261609,0.0,11.36593799993628,still,still_05,1
-0.0027943865788875246,-0.004852793776020749,-0.13813501521721977,0.003971505127009407,0.004650292000413313,0.005492055649555159,41.238555937410815,0.06520254476076989,-0.07515375076004253,-0.06562366423478759,0.0,11.422467319014057,still,still_05,2
-0.002858363652084899,-0.004540715724745445,-0.1375076172738867,0.0040861722095677745,0.00485996308213851,0.005514905832394344,41.052312137273155,0.0052633475080679825,-0.06376769133470674,-0.013806625580380167,0.0,11.3196844799096,still,still_05,3
-0.004288204475069044,-0.0047230558448617685,-0.13149905589257904,0.00411002808168278,0.0050658681711897675,0.007159222880305714,39.2813988261848,-0.01963538284853268,0.017107714438307973,-0.0602378251216454,0.0,10.371046169353278,still,still_06,0
-0.004212142460839471,-0.004164767501088167,-0.13658397853700502,0.0040094513949113985,0.005107790719756311,0.005391958592375432,40.78627965775935,-0.17003695804892238,0.07948638567704579,-0.10968832254256218,0.0,11.173196787379004,still,still_06,1
-0.003156042580341505,-0.003244158887433727,-0.1367492981961609,0.004034910521544636,0.004955489607940523,0.005555154838261911,40.81805280231114,-0.10328422254232562,0.0594672368833217,-0.047249421723699635,0.0,11.191162180565996,still,still_06,2
-0.003014777933910538,-0.003233779700926087,-0.13705646248770834,0.00385458819440857,0.004827014581613153,0.005124114134835195,40.905556756525776,0.033108826081000846,0.03935613008558393,0.029454414150705852,0.0,11.23775759503109,still,still_06,3
0.0011497474466381655,-0.00607199855635014,-0.13300916819458436,0.004173221219486916,0.005116020846495244,0.0065825785513421425,39.72846434946496,0.06499150826531226,-0.10965548975510259,0.005998008464383268,0.0,10.605798448729734,still,still_07,0
0.0009084334444110794,-0.005983423875234107,-0.13724376840814442,0.003982090804632296,0.004763705641079553,0.005316864996656136,40.980104404437384,-0.0136822200955456,0.009865153696623944,0.0402170295306379,0.0,11.279370726620762,still,still_07,1
-0.00018652083692484464,-0.006693987526831756,-0.13719641625063128,0.0038005501665283417,0.004570827960892863,0.005453469510722707,40.97145075678914,0.020347058516929268,-0.06985635597411267,0.020843520829009938,0.0,11.275053424134944,still,still_07,2
-3.320814985781749e-05,-0.007576724074778711,-0.136604793793023,0.003939826308669643,0.004774088917536886,0.005505698354433617,40.81237198228895,0.11217738466680499,0.05052872267976625,0.06858470447640992,0.0,11.187909880804806,still,still_07,3
0.018958357593410247,-0.04778337820885033,-0.13617115701018961,0.006926561544417909,0.014626290728996579,0.0068520033494990145,43.62775913945034,-0.5252893003081652,0.06513066548962874,-0.24570267095851422,0.0,12.792405706901983,still,still_08,0
0.01385432458934213,-0.03202545115428022,-0.139405810919504,0.004794989949806367,0.007335477085132144,0.005499848753724728,42.90310693022454,-0.38608804753381165,-0.07119609443984234,-0.04539072945384121,0.0,12.362811092082922,still,still_08,1
0.010530558123536071,-0.024387387526479353,-0.13979403545136415,0.004467854648123629,0.005956145709913057,0.005336797237307921,42.46112352661828,-0.16034256890216644,-0.026488391721364114,0.03567891130227722,0.0,12.109052063900025,still,still_08,2
0.007162925055243609,-0.019594272969543396,-0.14064457168386083,0.004868118341578408,0.0049886361249395425,0.005175172519654166,42.42257067339287,-0.1734507499981626,0.07238317463811822,-0.09348029043577322,0.0,12.08602014231359,still,still_08,3
0.00460238523596095,-0.00857258706209871,-0.1364476829395998,0.01007884756550739,0.009916783497109479,0.00676973568527586,40.98025585552317,-0.2699190404120035,-0.07298907780167571,-0.1320715780235338,0.0,11.284994224971223,still,still_09,0
0.0052195728029042834,-0.007423718421074249,-0.139954804470305,0.004289845217313272,0.005009509687957027,0.0057106223259422596,41.84061730861258,-0.013954142876128494,0.05320040848348045,-0.07551776412719835,0.0,11.75886891626735,still,still_09,1
0.004778490292463703,-0.006112799238547292,-0.13998902450012876,0.0042999303118788045,0.004850211015339599,0.005461819770651161,41.82564733222104,0.0504900589907608,0.04510208218110407,-0.06459143761608019,0.0,11.749648515057704,still,still_09,2
0.005227242997705259,-0.00493317276882067,-0.14003160829283043,0.004359832901615746,0.004349205267445731,0.005583685102229875,41.82448835539931,0.03330871258432884,-0.09260849364224026,-0.004058134782867303,0.0,11.749504104855655,still,still_09,3
0.005092566359208419,0.0004574174331444824,-0.13459507807841234,0.01129782967022865,0.009252147205691074,0.006817148504078956,40.37514510830742,-0.1855844426269027,0.10483362730979197,-0.1267001712711144,0.0,10.953997436111377,still,still_10,0
0.004621446252050117,0.000307655030038303,-0.13930536338268906,0.0043819377201705844,0.004492796247420871,0.005553267095338761,41.578053947610776,0.02871410275217184,-0.008912331587320348,0.008249067779123726,0.0,11.61141557845563,still,still_10,1
0.004601986625867756,-0.0001534285984442698,-0.13951856872269366,0.003913430518795228,0.004455742618665062,0.005741934519028953,41.63651722781071,0.030242269824679875,-0.07378153251283584,-0.05186932942626912,0.0,11.644714499259525,still,still_10,2
0.005133463154065278,0.0002805709974202739,-0.14022152298545873,0.003892486197738448,0.004691263038797924,0.005898087243678075,41.85367260440038,0.05684710365992403,-0.03130194793545634,-0.049544516571945134,0.0,11.766876587611812,still,still_10,3
0.001696831739068816,0.000533128341943679,-0.13568059799501156,0.006800207576683809,0.005373892523604262,0.006365230881191039,40.518461338317465,-0.1600677816833935,-0.023220986876088864,0.0022546923361244126,0.0,11.03055651874175,still,still_11,0
0.0012947175793605861,-0.000320461183796386,-0.13887721679035644,0.00399353539642141,0.004720104334944464,0.005111270784481351,41.42823250360864,0.14043534569892183,0.030609807192191977,-0.005910834230799262,0.0,11.526582460718313,still,still_11,1
-0.0013642808944221213,-0.0014388437227899008,-0.1387255882815026,0.004632479951545342,0.004444249743164937,0.0054615898779547135,41.38873139730563,0.18462757855867798,-0.06287961176327882,0.01210326197424554,0.0,11.505629644541466,still,still_11,2
-0.0049049165663099656,-0.0025510136939263057,-0.1398063378718075,0.004444680534192137,0.004469331235080273,0.005758978544467886,41.73692400726148,0.07246697226611795,0.02395721258740401,0.08495829596745434,0.0,11.700968732898886,still,still_11,3
-0.006099723380897161,-0.004134185776768231,-0.13304756029843282,0.007502532097339873,0.004433023923953175,0.007086651474909814,39.79504857074822,-0.07561929375671293,0.05405220677814063,0.10206383314896275,0.0,10.643116429371101,still,still_12,0
-0.005537955856916061,-0.004378210548295809,-0.13875051676705977,0.0043877508070821625,0.0044537584526023405,0.005749643276472496,41.44285724831256,0.06851744916851682,0.07159792016595723,0.03258972197005772,0.0,11.536812244098698,still,still_12,1
-0.004636176497892645,-0.004647756050608942,-0.1394610384306651,0.004199379967846362,0.004699960381862373,0.0054409221536823125,41.647670417368204,0.019641115973639222,0.0969311603095793,-0.04041692980316967,0.0,11.649981934363709,still,still_12,2
-0.0044122803407924014,-0.004910776251142857,-0.1391296969014926,0.004214940853407692,0.004580910731799385,0.005483287881777969,41.548717679331475,-0.08098396434566195,0.029400724100418323,0.012062405654950066,0.0,11.594827525827977,still,still_12,3
-0.0023399750569163187,-0.004674773270217362,-0.13333375829978275,0.005196998631302597,0.005853003543220062,0.006510058930351929,39.8339186972508,-0.06900676953236945,-0.14591766033825682,-0.12541815873095666,0.0,10.661440902487227,still,still_13,0
-0.0018128204109962697,-0.004427308793324671,-0.13833835429848235,0.003911157866528619,0.004818244056078941,0.0051778846865592155,41.291206657572275,-0.03651695447306892,0.048628674737835983,-0.12133363499697541,0.0,11.450503086985588,still,still_13,1
-0.0011647866260297752,-0.0057798505806598115,-0.13840986211730927,0.004105111174569857,0.004909937944368572,0.0053900871281398295,41.3277728778431,-0.0019637395289771303,0.04485456827445858,-0.12333634369925266,0.0,11.47148598187177,still,still_13,2
0.001008502231146694,-0.006211304049190693,-0.13516981020718807,0.003965190564771629,0.004907691459503827,0.005993349757467653,40.36789179366351,0.05095156517900191,0.11676646500635061,0.06598369466350597,0.0,10.947393388947825,still,still_13,3
0.0005255684805530775,-0.002631362712816405,-0.1353718233260432,0.005261618408142785,0.005432403806437786,0.006177168446629148,40.411905429961934,0.0338327287933875,-0.07622316251775677,-0.14587761537330896,0.0,10.97181750197641,still,still_14,0
0.0001614243381022252,-0.0018568416028498995,-0.1392367781733106,0.004288581936527798,0.004464915779709975,0.005316775326558139,41.53740073535322,-0.01188375354821108,0.05797494155090139,-0.027986995575040027,0.0,11.587953829780618,still,still_14,1
-0.00041975788184466244,-0.000517278518467424,-0.13951944746701103,0.003961334038478322,0.0047994320752939475,0.005347889746073696,41.61861643087116,-0.023688448388295365,-0.018336766176662137,0.13210294735232123,0.0,11.633413583346869,still,still_14,2
-0.0021181477125571373,0.00048797463892877546,-0.13864602072963975,0.003965266312922581,0.004883199270146307,0.005487184348543113,41.36411590316209,0.026765663747819097,0.023249642432498385,-0.021436849827391066,0.0,11.492115551361895,still,still_14,3
0.04710808186567819,-0.14532352377836227,-0.16657745807279875,0.41622997152094754,0.4350901465455905,0.40123895361340595,203.95957939463858,0.14596219896310125,-0.2618289762205649,0.03435401814480061,0.0,310.83345147707183,walking,walking_01,0
-0.017944188454417156,0.012601446787719198,-0.14794606017846387,0.4598803715220693,0.4336669395263393,0.46568187816991535,213.2442469420727,0.07500866542311137,-0.09785523811178884,0.04239913647821158,0.0,342.95218385323466,walking,walking_01,1
-0.03227947501371671,0.03837268688451097,-0.13362443044351652,0.38887807615278064,0.4158411470355131,0.45557759610725246,197.07324484663667,0.05914086880397659,0.09792086827792182,0.08504220268013878,0.0,294.8447884745367,walking,walking_01,2
-0.05797924848282147,0.012066645546088732,-0.1262957146054546,0.5429697129585692,0.5018819490188948,0.5818771959955851,239.2968181879245,0.4547909674533808,0.38078815888253825,0.41965405169414316,0.0,461.77023288203424,walking,walking_01,3
-0.1092927079001704,-0.05153157318429992,-0.10339130477888271,0.34825996150105454,0.41394032255135643,0.4629082606067118,198.54294648338157,0.24342123782401556,-0.019751792386844734,0.1216332101915606,0.0,290.8767706783671,walking,walking_02,0
-0.1449844696909564,0.056297105062899214,-0.09638602177113696,0.3969097769297993,0.42615217489924045,0.48258685407836405,204.54825522447652,0.1529354071225918,0.035366349272399344,0.16401160788474886,0.0,320.84520953485344,walking,walking_02,1
-0.12788147443584447,0.04456201031168475,-0.13952238380683948,0.41504484431439337,0.4989352192514229,0.5141666441961973,218.2665837953724,0.02234057272045874,0.039746568523934364,0.2502947322755587,0.0,375.43128395031493,walking,walking_02,2
-0.15171465619991986,0.05992785297327317,-0.13581514394971347,0.42992469693739377,0.5695432808045652,0.5183482494519696,241.65563604426268,0.05830766160095092,-0.03572339468352354,0.16328764251538547,0.0,441.2038313545531,walking,walking_02,3
-0.1953019494127557,0.07541042294299938,-0.10310074443967149,0.38226024875679027,0.4700074793914899,0.41561671101944025,202.75609018355186,0.1657846712434125,0.19149999429329495,0.28771944834322655,0.0,315.032416518055,walking,walking_03,0
-0.18964329695729099,0.18654930007912213,-0.12074456710210382,0.38366972720394654,0.44214461465457583,0.44385404601903067,206.6021017789515,0.11326606986032317,0.16577171190356355,0.19718365110837066,0.0,329.49970808948507,walking,walking_03,1
-0.20048488392266597,0.18113107986272242,-0.12232444346468119,0.3934691295848631,0.5444252823174746,0.48480165107573525,235.89078835463695,-0.10765909018212584,0.10536755697371407,0.07520996995778266,0.0,417.44049980905106,walking,walking_03,2
-0.19282320735133782,0.12596390599817814,-0.11154817240714225,0.38537376992722444,0.5298563193335785,0.497898836279439,221.34357348552066,-0.29122094672264703,0.06994814526291138,0.11403199537419265,0.0,385.71663509703103,walking,walking_03,3
-0.03820709678590698,-0.03963189181684885,-0.13237788847668858,0.4190488112079189,0.5065735734670105,0.45862878328429163,210.3676261562082,0.26007035283386004,0.1556595978306067,0.11101298505599703,0.0,346.11277785004125,walking,walking_04,0
-0.03884118485687512,0.02079590353778495,-0.10779645200339738,0.3672803366818659,0.4210911193332754,0.41713405211690263,189.73175089246772,-0.03434901634225677,0.0828051676289025,0.07693122689493208,0.0,269.7319242412364,walking,walking_04,1
-0.06806536787616577,-0.013696589984372266,-0.1345738764102727,0.4364983503872268,0.5213666411234381,0.48478269358933984,221.73562460859543,-0.37667595066370335,-0.14913848573311003,0.1523722522348199,0.0,379.6379378158467,walking,walking_04,2
-0.08787581066056187,-0.00508175362369434,-0.1428001275714312,0.4001735137411236,0.5834268101644121,0.5448964954318957,232.6725070256824,-0.5085539536285911,-0.13385518327710125,0.12295968200430436,0.0,427.68812188425653,walking,walking_04,3
-0.14995049116790238,-0.06259569460860197,-0.106865000680319,0.42021397711157665,0.48742034364053194,0.41916386407267603,210.31263451049233,0.3759088691322301,0.09263210258717774,0.21915880067913443,0.0,335.47566931385427,walking,walking_05,0
-0.1769563748765462,0.04139809139695381,-0.10691605611745542,0.49905456208480925,0.4792451549671725,0.5885942643305195,236.2498861998059,-0.023678989555220784,0.337126295856028,0.2435849934263346,0.0,446.4456819222927,walking,walking_05,1
-0.17575665276982266,0.02984322725234541,-0.10052733582177216,0.4844612536936105,0.5618218770147193,0.596245521362868,251.4538752252594,0.0027716970702462863,0.3429294680863613,0.2158877599204977,0.0,494.6046730089832,walking,walking_05,2
-0.1608842577746888,-0.004050234555918065,-0.12650214890665654,0.39369352070701186,0.6107255543973956,0.5125775222942199,243.53254517708456,-0.36299141637055726,0.18975337793334018,-0.13746413030875396,0.0,447.140694170683,walking,walking_05,3
-0.09308759515061975,-0.08887697149047052,-0.10193896206981384,0.3728944996472001,0.4746714158010164,0.43167735229604726,199.70243009261966,0.07758926164368062,-0.0267821440734183,0.17159184842440786,0.0,305.9730981949698,walking,walking_06,0
-0.11836085839446059,0.034946900079124946,-0.12898367970631824,0.36404634656394264,0.5227250722987411,0.45440753549283835,215.92143503471203,-0.21027022859465538,0.10826416865872887,0.10053721049426309,0.0,348.39880850459826,walking,walking_06,1
-0.12850561778875655,0.0035360554868374113,-0.1312458578787194,0.39749980627863934,0.583012614272859,0.4165043673278264,232.8581114912327,-0.17553055849428986,0.20634263472276007,0.07101649268101629,0.0,392.0868688127275,walking,walking_06,2
-0.12220871646682537,-0.0064156545200485075,-0.1328652836200275,0.37643972163566397,0.5872622062590408,0.38900375451599895,224.1461447016805,-0.21298928483892865,0.06265326698503723,0.16488025481022736,0.0,368.41562940186515,walking,walking_06,3
0.026497933696135376,-0.031498641238971316,-0.1660238981899199,0.3462358403713761,0.4225842756291174,0.4212503448598925,187.57010592092763,0.2721244640762747,-0.07699007182591035,-0.12073938024100736,0.0,268.6019022925112,walking,walking_07,0
-0.024959798669375033,0.12465672209196342,-0.1626370547876562,0.40775414579298236,0.5231171617403452,0.5230870812366394,233.56716729599577,0.10438355774433382,0.07032746352873741,-0.07180143089541491,0.0,408.3979879215307,walking,walking_07,1
-0.08874606126682617,0.1844827345078192,-0.13892417861278225,0.43817306292307173,0.4929514947239321,0.49023258105008305,229.5148626269329,0.031950431038900995,0.1946787535119063,-0.02524061242850195,0.0,396.2558524688029,walking,walking_07,2
-0.04018421265552907,0.12896133020293257,-0.14850527305492017,0.45040899324004574,0.5168616170353038,0.5455461052680083,236.75050448099424,0.16639310660064613,0.1749034870866738,-0.0373545967166465,0.0,428.8542350285676,walking,walking_07,3
-0.0020353331710193205,-0.024910820871652525,-0.15468220420121745,0.3092780696561597,0.42559691751339124,0.41759224941810036,182.62144945221604,0.0626923851941223,-0.029397740179301364,-0.16057516293382076,0.0,253.6785794255227,walking,walking_08,0
-0.03958951017947355,0.15176928116806762,-0.13902818624097227,0.3785936429505717,0.5424363980690454,0.44643741207563153,227.14303391420196,-0.15457742505428118,0.002818800083102315,-0.03260784281169528,0.0,376.01432901463903,walking,walking_08,1
-0.09042777830941363,0.08489085817673937,-0.1093218834864713,0.4302665268476446,0.5365720328067355,0.4645147762102266,233.17440990048334,-0.27668042287136324,0.05305040530525595,-0.07880801603752151,0.0,395.86270228983057,walking,walking_08,2
-0.03160788388100247,-0.049847583947718245,-0.14119875335680357,0.5055915148502347,0.546629682241952,0.5866217487640862,257.8381080802212,-0.20254066743846724,0.3287944521995884,-0.043596196218099834,0.0,497.836623866281,walking,walking_08,3
0.015024507499881243,-0.06139017095662317,-0.18113727067037916,0.2880018578353287,0.42292937243798767,0.4177488829463264,177.6588627813762,0.09982607650085037,0.14056735461146547,-0.20976326425004194,0.0,246.90684290743565,walking,walking_09,0
-0.05101683809612721,0.11460630343345839,-0.15797682848722744,0.40120022990135584,0.4820736643777372,0.5133956362459476,221.1758993704701,0.015454064067296653,0.07751562875832727,-0.07887104944697199,0.0,372.04906182443574,walking,walking_09,1
-0.085676571078781,0.047779739382327685,-0.07701442105469089,0.4757181963875048,0.4881481898685893,0.47143522815612426,225.42879161137387,-0.20026793327299588,-0.027893555788045525,-0.03431963083661832,0.0,379.84653185585387,walking,walking_09,2
-0.0029731357755701992,0.02542140773007641,-0.19970993784518049,0.5376750700941226,0.6028450039999367,0.5902411867989706,265.85587485568175,-0.30893337472771804,0.06752065606088052,-0.07923521493043079,0.0,547.5280191717204,walking,walking_09,3
-0.07101244829428076,0.043770387706997496,-0.12761420768623383,0.40983546285883593,0.4838067937006351,0.4529796197838403,206.9657110436778,-0.20497043758213335,0.02503977707574134,0.029799029337976835,0.0,331.62034843652617,walking,walking_10,0
-0.0459569895773601,0.15139660647540015,-0.15252232716692574,0.48379876438867303,0.5513844058774837,0.4084733916444939,230.37591277088606,-0.16843142420984752,0.10234023870601267,0.0012725363544474548,0.0,402.5607505648027,walking,walking_10,1
-0.09842809312612118,0.08495947691521533,-0.131747146205094,0.5305093172881213,0.5863878678995749,0.6451026436282097,267.273598112748,-0.18224289668652524,0.3263468612759529,-0.1290370757578664,0.0,560.2773646281279,walking,walking_10,2
-0.09960652456242065,0.18950500236367496,-0.14767923378175335,0.5349858097785591,0.513718366672935,0.698543311642978,272.7007146896401,-0.18851170100089765,0.1173388201270661,-0.0744629253077724,0.0,579.0535052502406,walking,walking_10,3
0.02343953275138999,0.02418077962255207,-0.14672749680302685,0.3817868972400351,0.49941234988370137,0.4369854656596065,205.14634548842045,0.20818862513594427,-0.23406288032777958,-0.05871365533108103,0.0,322.64464938059103,walking,walking_11,0
0.029959914150871573,0.19427415587517385,-0.13475261261213142,0.4449516392826609,0.5411822141692206,0.5306079228362391,245.75526683354985,0.23625790977689803,-0.09991992936514443,-0.0452882298932312,0.0,449.77253251394086,walking,walking_11,1
-0.09577420829942812,0.10354173702838262,-0.14404199336314158,0.5695483105627259,0.6501313127566857,0.5447890597623012,284.44447649645554,0.2151111541648129,-0.2839259864794584,-0.17680791356359113,0.0,594.6844276411631,walking,walking_11,2
-0.11838185655875444,0.2148831381270506,-0.15443215436733407,0.5798045009621209,0.6205436388099159,0.5050344104158299,281.9724195942855,0.05460626158604198,-0.4542691782355417,-0.011344117235245869,0.0,582.7898941121507,walking,walking_11,3
-0.003437140726278113,0.03617519314506046,-0.16701272877084727,0.3709075653975627,0.4518968210567198,0.5276992214883891,213.81183482080095,0.3848574620953109,-0.1766609187807602,-0.15222903613725805,0.0,346.9473820271131,walking,walking_12,0
0.017202124675450802,0.1970370651289308,-0.15483629437104965,0.4359086893252594,0.542164554476136,0.5728411163706685,250.61764571309246,0.13528834763421851,-0.1906985511860341,-0.08573510124785559,0.0,471.5776973857258,walking,walking_12,1
-0.07316167006335351,0.0754424068057522,-0.14642942202301232,0.4773107891246518,0.6251861125895404,0.49877375334396523,261.00977755330075,0.1348620472099258,-0.31692720291902166,-0.10565460442255227,0.0,496.7944687250178,walking,walking_12,2
0.006939292840179585,0.12486683650277242,-0.19424639605041719,0.4999976345764713,0.5752283167874758,0.45891804613179155,253.91919118974505,0.08337791278584443,-0.2580435250322116,-0.017176421091209267,0.0,468.1273864076665,walking,walking_12,3
